,NAME,Position,eb_FG_estimate,FG_alpha,FG_beta,eb_FT_estimate,FT_alpha,FT_beta,eb_3P_estimate,3P_alpha,3P_beta
0,Aaron Gordon,F,0.4970395718539342,34.99085867903995,36.55678897036846,0.7586007157915793,30.430329859332772,9.328210755304935,0.3165225708760486,1.5308388142484306,3.2945762473932465
1,Al Horford,C-F,0.5549358617761225,23.635134544009638,19.255955000091106,0.7536170715821033,48.56218141746356,15.879826742983077,0.37233355501214777,0.4669306114810614,1.626257876407367
2,Alex Caruso,G,0.4556675323092067,90.70105521815613,109.17156793395436,0.8063596171051167,23.04026141963799,5.533406822421533,0.4082292571155522,2.7828371664734424,5.4061607067098825
3,Alperen Sengun,C-F,0.5410703606358236,23.635134544009638,19.255955000091106,0.7401531571313946,48.56218141746356,15.879826742983077,0.2616111255549434,0.4669306114810614,1.626257876407367
4,Amen Thompson,G,0.4595054781084136,90.70105521815613,109.17156793395436,0.7993926221527359,23.04026141963799,5.533406822421533,0.3241715610275412,2.7828371664734424,5.4061607067098825
5,Andre Drummond,C,0.6120651107755006,25.321389968618398,16.267017301381586,0.6566171135871993,11.298709417261428,5.925798260326362,0.0,0.1661969325996309,1.1041625851149328
6,Andrew Wiggins,F-G,0.47947026992954794,86.21196888219178,92.63433452303207,0.7976517226397751,18.714294971875105,4.955971376161066,0.3529384846430565,56.40211760164322,103.35643492283856
7,Anfernee Simons,G,0.4529297110670596,90.70105521815613,109.17156793395436,0.8195023742260195,23.04026141963799,5.533406822421533,0.36669908292748044,2.7828371664734424,5.4061607067098825
8,Anthony Davis,F-C,0.5474942511245565,32.17612172546165,27.344806602137755,0.7607593922347493,29.542146455562055,10.100700097378843,0.2980115042703138,11.070113697699828,25.530621924052834
9,Anthony Edwards,G-F,0.4640754179241841,90.53494371754883,103.77130135540531,0.8109560529869198,30.612642239951633,7.867438537600101,0.33769147359373963,34.97276827138279,67.18160059400834
10,Ausar Thompson,G,0.4536900431326567,90.70105521815613,109.17156793395436,0.7812440742703208,23.04026141963799,5.533406822421533,0.3181945750359855,2.7828371664734424,5.4061607067098825
11,Austin Reaves,G,0.45092828208725855,90.70105521815613,109.17156793395436,0.7960635828149886,23.04026141963799,5.533406822421533,0.32031712331996987,2.7828371664734424,5.4061607067098825
12,Bam Adebayo,C-F,0.5510059638712635,23.635134544009638,19.255955000091106,0.7543824522114486,48.56218141746356,15.879826742983077,0.2981561386889001,0.4669306114810614,1.626257876407367
13,Ben Simmons,G-F,0.4684880022112909,90.53494371754883,103.77130135540531,0.7853237431088318,30.612642239951633,7.867438537600101,0.0,34.97276827138279,67.18160059400834
14,Bennedict Mathurin,G-F,0.4618708795158624,90.53494371754883,103.77130135540531,0.7943271901401847,30.612642239951633,7.867438537600101,0.343431967491529,34.97276827138279,67.18160059400834
15,Bobby Portis,F,0.4863652350024178,34.99085867903995,36.55678897036846,0.7563242526227609,30.430329859332772,9.328210755304935,0.4168296197043179,1.5308388142484306,3.2945762473932465
16,Bradley Beal,G,0.4622087633383758,90.70105521815613,109.17156793395436,0.8154581612456396,23.04026141963799,5.533406822421533,0.46345069488181717,2.7828371664734424,5.4061607067098825
17,Brandin Podziemski,G,0.45600521469769995,90.70105521815613,109.17156793395436,0.8085293105573365,23.04026141963799,5.533406822421533,0.37612526931047024,2.7828371664734424,5.4061607067098825
18,Brandon Ingram,F,0.49249493652452897,34.99085867903995,36.55678897036846,0.7651121604653672,30.430329859332772,9.328210755304935,0.30993695410157945,1.5308388142484306,3.2945762473932465
19,Brandon Miller,F-G,0.48126984816847795,86.21196888219178,92.63433452303207,0.8056189908825736,18.714294971875105,4.955971376161066,0.3551243278262982,56.40211760164322,103.35643492283856
20,Brook Lopez,C,0.5877232956069841,25.321389968618398,16.267017301381586,0.6714555148807694,11.298709417261428,5.925798260326362,0.3443790969009195,0.1661969325996309,1.1041625851149328
21,Buddy Hield,G-F,0.46379326467714566,90.53494371754883,103.77130135540531,0.7993212886631089,30.612642239951633,7.867438537600101,0.34567210573560125,34.97276827138279,67.18160059400834
22,CJ McCollum,G,0.4559567344389846,90.70105521815613,109.17156793395436,0.8161652524168818,23.04026141963799,5.533406822421533,0.43501033188004756,2.7828371664734424,5.4061607067098825
23,Cade Cunningham,G,0.45151933697399765,90.70105521815613,109.17156793395436,0.8047793647393232,23.04026141963799,5.533406822421533,0.3219046250814813,2.7828371664734424,5.4061607067098825
24,Cam Thomas,G,0.45260909364727964,90.70105521815613,109.17156793395436,0.825021565527039,23.04026141963799,5.533406822421533,0.3650537471164951,2.7828371664734424,5.4061607067098825
25,Cameron Johnson,F,0.47879859613937764,34.99085867903995,36.55678897036846,0.771449498217132,30.430329859332772,9.328210755304935,0.334660737177274,1.5308388142484306,3.2945762473932465
26,Caris LeVert,G-F,0.46681197831304116,90.53494371754883,103.77130135540531,0.7998253550379456,30.612642239951633,7.867438537600101,0.3438810428603362,34.97276827138279,67.18160059400834
27,Chris Boucher,F,0.500088474030641,34.99085867903995,36.55678897036846,0.7720583660869426,30.430329859332772,9.328210755304935,0.32973814531539686,1.5308388142484306,3.2945762473932465
28,Chris Paul,G,0.45290993659226436,90.70105521815613,109.17156793395436,0.8075670674903848,23.04026141963799,5.533406822421533,0.33165964193966957,2.7828371664734424,5.4061607067098825
29,Clint Capela,C,0.6137947776326445,25.321389968618398,16.267017301381586,0.6407838272876987,11.298709417261428,5.925798260326362,0.0,0.1661969325996309,1.1041625851149328
30,Coby White,G,0.4553007752086668,90.70105521815613,109.17156793395436,0.8055830664330643,23.04026141963799,5.533406822421533,0.3244713190345995,2.7828371664734424,5.4061607067098825
31,Collin Sexton,G,0.45394207923521246,90.70105521815613,109.17156793395436,0.8116391042519181,23.04026141963799,5.533406822421533,0.32170137473415006,2.7828371664734424,5.4061607067098825
32,D'Angelo Russell,G,0.4503214410012613,90.70105521815613,109.17156793395436,0.8144081669956716,23.04026141963799,5.533406822421533,0.35393637442455794,2.7828371664734424,5.4061607067098825
33,Damian Lillard,G,0.44964067227736293,90.70105521815613,109.17156793395436,0.8220778176905369,23.04026141963799,5.533406822421533,0.3341276317188884,2.7828371664734424,5.4061607067098825
34,Daniel Gafford,C-F,0.5845766900911304,23.635134544009638,19.255955000091106,0.746514960131572,48.56218141746356,15.879826742983077,0.0,0.4669306114810614,1.626257876407367
35,Darius Garland,G,0.45229111797643834,90.70105521815613,109.17156793395436,0.8068497121513765,23.04026141963799,5.533406822421533,0.36843718726941554,2.7828371664734424,5.4061607067098825
36,De'Aaron Fox,G,0.4555841513920737,90.70105521815613,109.17156793395436,0.8058817689655954,23.04026141963799,5.533406822421533,0.3747500406740644,2.7828371664734424,5.4061607067098825
37,De'Andre Hunter,F,0.47511938733624826,34.99085867903995,36.55678897036846,0.7667380560652757,30.430329859332772,9.328210755304935,0.3073409026306191,1.5308388142484306,3.2945762473932465
38,De'Anthony Melton,G,0.4500984063887932,90.70105521815613,109.17156793395436,0.8104788563908182,23.04026141963799,5.533406822421533,0.3420413791736161,2.7828371664734424,5.4061607067098825
39,DeMar DeRozan,G-F,0.4706812716647763,90.53494371754883,103.77130135540531,0.7957234271351572,30.612642239951633,7.867438537600101,0.3435806532207641,34.97276827138279,67.18160059400834
40,Deandre Ayton,C,0.5839095313661968,25.321389968618398,16.267017301381586,0.6687663626866029,11.298709417261428,5.925798260326362,0.07854326948402074,0.1661969325996309,1.1041625851149328
41,Dejounte Murray,G,0.4524797598626525,90.70105521815613,109.17156793395436,0.7966809111655643,23.04026141963799,5.533406822421533,0.3447855132939577,2.7828371664734424,5.4061607067098825
42,Deni Avdija,G-F,0.46699141246258763,90.53494371754883,103.77130135540531,0.7935405771682782,30.612642239951633,7.867438537600101,0.3405336739872181,34.97276827138279,67.18160059400834
43,Dereck Lively II,C,0.6239194676368148,25.321389968618398,16.267017301381586,0.6387676435521948,11.298709417261428,5.925798260326362,0.0,0.1661969325996309,1.1041625851149328
44,Derrick Jones Jr.,F,0.48169083194467854,34.99085867903995,36.55678897036846,0.761968924265365,30.430329859332772,9.328210755304935,0.3101638723303944,1.5308388142484306,3.2945762473932465
45,Derrick White,G,0.45236962490030425,90.70105521815613,109.17156793395436,0.8134116453362134,23.04026141963799,5.533406822421533,0.34534859241135035,2.7828371664734424,5.4061607067098825
46,Desmond Bane,G,0.4503378416718039,90.70105521815613,109.17156793395436,0.8203669230357253,23.04026141963799,5.533406822421533,0.35124512343875297,2.7828371664734424,5.4061607067098825
47,Devin Booker,G,0.4548119311970038,90.70105521815613,109.17156793395436,0.8286269038682862,23.04026141963799,5.533406822421533,0.3479527200758836,2.7828371664734424,5.4061607067098825
48,Devin Vassell,G-F,0.4669831027662607,90.53494371754883,103.77130135540531,0.7989374129329817,30.612642239951633,7.867438537600101,0.34152777917134025,34.97276827138279,67.18160059400834
49,Domantas Sabonis,C-F,0.5754192320352188,23.635134544009638,19.255955000091106,0.7378867140696084,48.56218141746356,15.879826742983077,0.32777692742836106,0.4669306114810614,1.626257876407367
50,Donovan Mitchell,G,0.4503315062311123,90.70105521815613,109.17156793395436,0.8137092563840136,23.04026141963799,5.533406822421533,0.3611890797438654,2.7828371664734424,5.4061607067098825
51,Donte DiVincenzo,G,0.45430138602979286,90.70105521815613,109.17156793395436,0.8116847579618378,23.04026141963799,5.533406822421533,0.37451327417536895,2.7828371664734424,5.4061607067098825
52,Draymond Green,F,0.49390276300355085,34.99085867903995,36.55678897036846,0.759260029746498,30.430329859332772,9.328210755304935,0.36407283392080453,1.5308388142484306,3.2945762473932465
53,Duncan Robinson,G-F,0.46262135144441974,90.53494371754883,103.77130135540531,0.7975116254693908,30.612642239951633,7.867438537600101,0.3397520208718368,34.97276827138279,67.18160059400834
54,Dyson Daniels,G,0.4516049814843599,90.70105521815613,109.17156793395436,0.8030205599253387,23.04026141963799,5.533406822421533,0.3250235876602329,2.7828371664734424,5.4061607067098825
55,Evan Mobley,F-C,0.5418532807181518,32.17612172546165,27.344806602137755,0.7500620285667222,29.542146455562055,10.100700097378843,0.3075108872231239,11.070113697699828,25.530621924052834
56,Franz Wagner,G-F,0.4681005839713344,90.53494371754883,103.77130135540531,0.803738160240872,30.612642239951633,7.867438537600101,0.33773433344805137,34.97276827138279,67.18160059400834
57,Fred VanVleet,G,0.45152466287651616,90.70105521815613,109.17156793395436,0.8110604074751092,23.04026141963799,5.533406822421533,0.37970108644919,2.7828371664734424,5.4061607067098825
58,Gary Trent Jr.,G,0.45164200430867,90.70105521815613,109.17156793395436,0.8117553733603314,23.04026141963799,5.533406822421533,0.32569842271741706,2.7828371664734424,5.4061607067098825
59,Giannis Antetokounmpo,F-G,0.4917251256736855,86.21196888219178,92.63433452303207,0.7451393689324264,18.714294971875105,4.955971376161066,0.3509739814911493,56.40211760164322,103.35643492283856
60,Grayson Allen,G,0.45379776569350666,90.70105521815613,109.17156793395436,0.8082920281920513,23.04026141963799,5.533406822421533,0.351040221863757,2.7828371664734424,5.4061607067098825
61,Harrison Barnes,F,0.48573305833270625,34.99085867903995,36.55678897036846,0.763641027781151,30.430329859332772,9.328210755304935,0.29764993443451826,1.5308388142484306,3.2945762473932465
62,Herbert Jones,F,0.4822720942250057,34.99085867903995,36.55678897036846,0.7741107844818594,30.430329859332772,9.328210755304935,0.35027756625078627,1.5308388142484306,3.2945762473932465
63,Immanuel Quickley,G,0.45185596556557095,90.70105521815613,109.17156793395436,0.8261893976413915,23.04026141963799,5.533406822421533,0.34484983370563144,2.7828371664734424,5.4061607067098825
64,Isaiah Hartenstein,F,0.5059106348906587,34.99085867903995,36.55678897036846,0.7528364308577707,30.430329859332772,9.328210755304935,0.0,1.5308388142484306,3.2945762473932465
65,Ivica Zubac,C,0.6113907989089284,25.321389968618398,16.267017301381586,0.6816952587860108,11.298709417261428,5.925798260326362,0.0,0.1661969325996309,1.1041625851149328
66,Ja Morant,G,0.4551504333422478,90.70105521815613,109.17156793395436,0.8034890062875348,23.04026141963799,5.533406822421533,0.32484661020451006,2.7828371664734424,5.4061607067098825
67,Jabari Smith Jr.,F,0.4843543162285738,34.99085867903995,36.55678897036846,0.7621782466228586,30.430329859332772,9.328210755304935,0.3457867025227917,1.5308388142484306,3.2945762473932465
68,Jaden Ivey,G,0.4490856137932163,90.70105521815613,109.17156793395436,0.7910934354120933,23.04026141963799,5.533406822421533,0.35555066951663544,2.7828371664734424,5.4061607067098825
69,Jaden McDaniels,F,0.4870662245763878,34.99085867903995,36.55678897036846,0.7660103917401222,30.430329859332772,9.328210755304935,0.30020055274982466,1.5308388142484306,3.2945762473932465
70,Jaime Jaquez Jr.,G-F,0.4678438052593287,90.53494371754883,103.77130135540531,0.8007173923857386,30.612642239951633,7.867438537600101,0.34351844187165725,34.97276827138279,67.18160059400834
71,Jakob Poeltl,C,0.5976315860320099,25.321389968618398,16.267017301381586,0.6475830488505063,11.298709417261428,5.925798260326362,0.0,0.1661969325996309,1.1041625851149328
72,Jalen Brunson,G,0.4584449690953139,90.70105521815613,109.17156793395436,0.8217446533234114,23.04026141963799,5.533406822421533,0.37582310745245173,2.7828371664734424,5.4061607067098825
73,Jalen Duren,C,0.5954077778644631,25.321389968618398,16.267017301381586,0.6963231127771272,11.298709417261428,5.925798260326362,0.11916132847336255,0.1661969325996309,1.1041625851149328
74,Jalen Green,G,0.4528580496907296,90.70105521815613,109.17156793395436,0.7969180060847063,23.04026141963799,5.533406822421533,0.3458482523428888,2.7828371664734424,5.4061607067098825
75,Jalen Johnson,F,0.4863431580033096,34.99085867903995,36.55678897036846,0.7666920358156856,30.430329859332772,9.328210755304935,0.3028811424325788,1.5308388142484306,3.2945762473932465
76,Jalen Suggs,G,0.4563960725417596,90.70105521815613,109.17156793395436,0.8059501721601373,23.04026141963799,5.533406822421533,0.33936240393454076,2.7828371664734424,5.4061607067098825
77,Jalen Williams,G,0.45593595320330993,90.70105521815613,109.17156793395436,0.7996257952922106,23.04026141963799,5.533406822421533,0.3325961527308746,2.7828371664734424,5.4061607067098825
78,Jamal Murray,G,0.456697703294563,90.70105521815613,109.17156793395436,0.8176209450720177,23.04026141963799,5.533406822421533,0.39206926177440754,2.7828371664734424,5.4061607067098825
79,James Harden,G,0.44843846222241507,90.70105521815613,109.17156793395436,0.812585102216643,23.04026141963799,5.533406822421533,0.299588429008581,2.7828371664734424,5.4061607067098825
80,Jaren Jackson Jr.,F,0.4807061067999933,34.99085867903995,36.55678897036846,0.7694300354871855,30.430329859332772,9.328210755304935,0.30144829620095565,1.5308388142484306,3.2945762473932465
81,Jarrett Allen,C-F,0.5803094639743241,23.635134544009638,19.255955000091106,0.7503656490263481,48.56218141746356,15.879826742983077,0.21056138359621676,0.4669306114810614,1.626257876407367
82,Jaylen Brown,F-G,0.481018820568016,86.21196888219178,92.63433452303207,0.780809950790181,18.714294971875105,4.955971376161066,0.35215848149174866,56.40211760164322,103.35643492283856
83,Jayson Tatum,F,0.4810946903113486,34.99085867903995,36.55678897036846,0.7775509658565765,30.430329859332772,9.328210755304935,0.3293240254395375,1.5308388142484306,3.2945762473932465
84,Jerami Grant,F,0.4746034822556145,34.99085867903995,36.55678897036846,0.7747847212855963,30.430329859332772,9.328210755304935,0.3519841799636491,1.5308388142484306,3.2945762473932465
85,Jeremy Sochan,F-G,0.47845443280052996,86.21196888219178,92.63433452303207,0.7867238274851428,18.714294971875105,4.955971376161066,0.3492887640886739,56.40211760164322,103.35643492283856
86,Jimmy Butler,F-G,0.48383372653143875,86.21196888219178,92.63433452303207,0.8038793828904803,18.714294971875105,4.955971376161066,0.35446921417729615,56.40211760164322,103.35643492283856
87,Joel Embiid,C,0.5710080021550156,25.321389968618398,16.267017301381586,0.739692148846463,11.298709417261428,5.925798260326362,0.39827005722198733,0.1661969325996309,1.1041625851149328
88,John Collins,F,0.502369436810539,34.99085867903995,36.55678897036846,0.7739892840039706,30.430329859332772,9.328210755304935,0.42534738831812596,1.5308388142484306,3.2945762473932465
89,Jonathan Kuminga,F,0.49321398638488884,34.99085867903995,36.55678897036846,0.7659741925831692,30.430329859332772,9.328210755304935,0.32522090033327106,1.5308388142484306,3.2945762473932465
90,Jordan Clarkson,G,0.45051805188755356,90.70105521815613,109.17156793395436,0.814230275589959,23.04026141963799,5.533406822421533,0.30930257407563716,2.7828371664734424,5.4061607067098825
91,Jordan Poole,G,0.45185679313064875,90.70105521815613,109.17156793395436,0.8189778204749413,23.04026141963799,5.533406822421533,0.34573449272492435,2.7828371664734424,5.4061607067098825
92,Josh Giddey,G,0.45180715043241126,90.70105521815613,109.17156793395436,0.8082878502955233,23.04026141963799,5.533406822421533,0.3007978597228564,2.7828371664734424,5.4061607067098825
93,Josh Hart,G,0.4577591391895963,90.70105521815613,109.17156793395436,0.8135234604146253,23.04026141963799,5.533406822421533,0.34855739803960767,2.7828371664734424,5.4061607067098825
94,Jrue Holiday,G,0.4536638192293928,90.70105521815613,109.17156793395436,0.0,23.04026141963799,5.533406822421533,0.3384690730566719,2.7828371664734424,5.4061607067098825
95,Julius Randle,F-C,0.5248777037609711,32.17612172546165,27.344806602137755,0.7557531614057559,29.542146455562055,10.100700097378843,0.3165927541295302,11.070113697699828,25.530621924052834
96,Karl-Anthony Towns,C-F,0.5180362940403724,23.635134544009638,19.255955000091106,0.7596863401293987,48.56218141746356,15.879826742983077,0.26831481784954997,0.4669306114810614,1.626257876407367
97,Kawhi Leonard,F,0.4970358766514966,34.99085867903995,36.55678897036846,0.7731467921868876,30.430329859332772,9.328210755304935,0.3364129836389942,1.5308388142484306,3.2945762473932465
98,Keegan Murray,F,0.4743232658131342,34.99085867903995,36.55678897036846,0.7714407037666164,30.430329859332772,9.328210755304935,0.3486394820923728,1.5308388142484306,3.2945762473932465
99,Keldon Johnson,G,0.45396811981351376,90.70105521815613,109.17156793395436,0.8106652117827129,23.04026141963799,5.533406822421533,0.3416666071988482,2.7828371664734424,5.4061607067098825
100,Kelly Oubre Jr.,F,0.48082074245047884,34.99085867903995,36.55678897036846,0.7666514009313137,30.430329859332772,9.328210755304935,0.3313782196289093,1.5308388142484306,3.2945762473932465
101,Kentavious Caldwell-Pope,G,0.45677287308164854,90.70105521815613,109.17156793395436,0.7970376013909798,23.04026141963799,5.533406822421533,0.3745376645810606,2.7828371664734424,5.4061607067098825
102,Kevin Durant,F-G,0.48186760815476964,86.21196888219178,92.63433452303207,0.8012015766337652,18.714294971875105,4.955971376161066,0.3536352559404263,56.40211760164322,103.35643492283856
103,Kevin Huerter,G,0.450073487766399,90.70105521815613,109.17156793395436,0.8034475000463995,23.04026141963799,5.533406822421533,0.30625109055702837,2.7828371664734424,5.4061607067098825
104,Kevin Porter Jr.,G,0.4553765021540473,90.70105521815613,109.17156793395436,0.8089805664420612,23.04026141963799,5.533406822421533,0.3947789482039683,2.7828371664734424,5.4061607067098825
105,Kevon Looney,F-C,0.5421465306656577,32.17612172546165,27.344806602137755,0.7446341442211184,29.542146455562055,10.100700097378843,0.0,11.070113697699828,25.530621924052834
106,Keyonte George,G,0.45126268881873055,90.70105521815613,109.17156793395436,0.8105738331814069,23.04026141963799,5.533406822421533,0.34006988554943574,2.7828371664734424,5.4061607067098825
107,Khris Middleton,F-G,0.4835282928113601,86.21196888219178,92.63433452303207,0.7926430184082215,18.714294971875105,4.955971376161066,0.35356484043090397,56.40211760164322,103.35643492283856
108,Klay Thompson,G-F,0.4677231622131469,90.53494371754883,103.77130135540531,0.8057886489581934,30.612642239951633,7.867438537600101,0.3498471532111405,34.97276827138279,67.18160059400834
109,Kyle Anderson,F-G,0.4784009962219147,86.21196888219178,92.63433452303207,0.7814305788287513,18.714294971875105,4.955971376161066,0.3523915717393661,56.40211760164322,103.35643492283856
110,Kyle Kuzma,F,0.4821086205332097,34.99085867903995,36.55678897036846,0.764391959369541,30.430329859332772,9.328210755304935,0.298306861584873,1.5308388142484306,3.2945762473932465
111,Kyrie Irving,G,0.4605312641331462,90.70105521815613,109.17156793395436,0.8189623520785143,23.04026141963799,5.533406822421533,0.3844859366112141,2.7828371664734424,5.4061607067098825
112,LaMelo Ball,G,0.45105020597873297,90.70105521815613,109.17156793395436,0.8133261983554134,23.04026141963799,5.533406822421533,0.31999729178171893,2.7828371664734424,5.4061607067098825
113,Lauri Markkanen,F-C,0.5121807801347695,32.17612172546165,27.344806602137755,0.7745918763244349,29.542146455562055,10.100700097378843,0.3170769431678002,11.070113697699828,25.530621924052834
114,LeBron James,F-G,0.49261955483703057,86.21196888219178,92.63433452303207,0.7866072028991935,18.714294971875105,4.955971376161066,0.35472716486474104,56.40211760164322,103.35643492283856
115,Malcolm Brogdon,G,0.4537441338143595,90.70105521815613,109.17156793395436,0.814668467126579,23.04026141963799,5.533406822421533,0.35926151415591445,2.7828371664734424,5.4061607067098825
116,Malik Monk,G,0.45036676365805584,90.70105521815613,109.17156793395436,0.8148239415456231,23.04026141963799,5.533406822421533,0.27732673144286807,2.7828371664734424,5.4061607067098825
117,Marcus Smart,G,0.45308711158044906,90.70105521815613,109.17156793395436,0.7977964521914319,23.04026141963799,5.533406822421533,0.34486638610022735,2.7828371664734424,5.4061607067098825
118,Michael Porter Jr.,F,0.4782777701809253,34.99085867903995,36.55678897036846,0.7711579032699706,30.430329859332772,9.328210755304935,0.32587865392112575,1.5308388142484306,3.2945762473932465
119,Mikal Bridges,F-G,0.47693432110869277,86.21196888219178,92.63433452303207,0.8105387536009108,18.714294971875105,4.955971376161066,0.35045618974207166,56.40211760164322,103.35643492283856
120,Mike Conley,G,0.45618889541753593,90.70105521815613,109.17156793395436,0.81586716658065,23.04026141963799,5.533406822421533,0.4209035565301987,2.7828371664734424,5.4061607067098825
121,Miles Bridges,G-F,0.4665915851029674,90.53494371754883,103.77130135540531,0.8027822961520327,30.612642239951633,7.867438537600101,0.3412847221633907,34.97276827138279,67.18160059400834
122,Myles Turner,C-F,0.5574499990578907,23.635134544009638,19.255955000091106,0.7529796158968386,48.56218141746356,15.879826742983077,0.3777262268331922,0.4669306114810614,1.626257876407367
123,Naz Reid,F,0.48190489485796817,34.99085867903995,36.55678897036846,0.7558427450265413,30.430329859332772,9.328210755304935,0.37035497580199733,1.5308388142484306,3.2945762473932465
124,Nic Claxton,C,0.609884911073746,25.321389968618398,16.267017301381586,0.6097637302795883,11.298709417261428,5.925798260326362,0.0,0.1661969325996309,1.1041625851149328
125,Nick Richards,F-C,0.5573748447558886,32.17612172546165,27.344806602137755,0.7504448880061052,29.542146455562055,10.100700097378843,0.0,11.070113697699828,25.530621924052834
126,Norman Powell,G,0.45213850448203563,90.70105521815613,109.17156793395436,0.8095641726771741,23.04026141963799,5.533406822421533,0.3657266975826413,2.7828371664734424,5.4061607067098825
127,OG Anunoby,F,0.48438692712242853,34.99085867903995,36.55678897036846,0.7576073705292907,30.430329859332772,9.328210755304935,0.3719060384755513,1.5308388142484306,3.2945762473932465
128,Onyeka Okongwu,F,0.5082189983369756,34.99085867903995,36.55678897036846,0.7604514699413752,30.430329859332772,9.328210755304935,0.3434247807893759,1.5308388142484306,3.2945762473932465
129,P.J. Washington,F,0.48306059013863956,34.99085867903995,36.55678897036846,0.7565256270625184,30.430329859332772,9.328210755304935,0.35365745810487687,1.5308388142484306,3.2945762473932465
130,Paolo Banchero,F,0.4687519322681049,34.99085867903995,36.55678897036846,0.7733121511927612,30.430329859332772,9.328210755304935,0.27811188086616667,1.5308388142484306,3.2945762473932465
131,Pascal Siakam,F-C,0.5424456409275941,32.17612172546165,27.344806602137755,0.7476556258119956,29.542146455562055,10.100700097378843,0.3105815900264928,11.070113697699828,25.530621924052834
132,Paul George,F-G,0.48233089448910305,86.21196888219178,92.63433452303207,0.8233539227180582,18.714294971875105,4.955971376161066,0.3576206648423138,56.40211760164322,103.35643492283856
133,Payton Pritchard,G,0.4538114847602889,90.70105521815613,109.17156793395436,0.8094074429219142,23.04026141963799,5.533406822421533,0.3871586553923101,2.7828371664734424,5.4061607067098825
134,RJ Barrett,G-F,0.47370875849036154,90.53494371754883,103.77130135540531,0.7863805458522823,30.612642239951633,7.867438537600101,0.3415065811674242,34.97276827138279,67.18160059400834
135,Rudy Gobert,C,0.6322583474221495,25.321389968618398,16.267017301381586,0.6466704104848972,11.298709417261428,5.925798260326362,0.0,0.1661969325996309,1.1041625851149328
136,Rui Hachimura,F,0.4995931192111844,34.99085867903995,36.55678897036846,0.7674254309216821,30.430329859332772,9.328210755304935,0.389485451197338,1.5308388142484306,3.2945762473932465
137,Russell Westbrook,G,0.4545228061934859,90.70105521815613,109.17156793395436,0.7989493653405357,23.04026141963799,5.533406822421533,0.3408927602589364,2.7828371664734424,5.4061607067098825
138,Scoot Henderson,G,0.4504810952446453,90.70105521815613,109.17156793395436,0.8054892140200586,23.04026141963799,5.533406822421533,0.369061160080984,2.7828371664734424,5.4061607067098825
139,Scottie Barnes,G-F,0.46558725964793607,90.53494371754883,103.77130135540531,0.798737596152956,30.612642239951633,7.867438537600101,0.33632460188558094,34.97276827138279,67.18160059400834
140,Scotty Pippen Jr.,G,0.45633508416176677,90.70105521815613,109.17156793395436,0.8096114802643478,23.04026141963799,5.533406822421533,0.32783741672222033,2.7828371664734424,5.4061607067098825
141,Seth Curry,G,0.4526890220117229,90.70105521815613,109.17156793395436,0.8126443251758837,23.04026141963799,5.533406822421533,0.33128621952982373,2.7828371664734424,5.4061607067098825
142,Shaedon Sharpe,G,0.44858599968740365,90.70105521815613,109.17156793395436,0.8067392441994391,23.04026141963799,5.533406822421533,0.3016854296534697,2.7828371664734424,5.4061607067098825
143,Shai Gilgeous-Alexander,G,0.45446727719979074,90.70105521815613,109.17156793395436,0.8173434057818159,23.04026141963799,5.533406822421533,0.2924209228028642,2.7828371664734424,5.4061607067098825
144,Stephen Curry,G,0.4547270275899786,90.70105521815613,109.17156793395436,0.8166216041796185,23.04026141963799,5.533406822421533,0.40003077893993444,2.7828371664734424,5.4061607067098825
145,Taurean Prince,F,0.48617046941605846,34.99085867903995,36.55678897036846,0.7675763223492023,30.430329859332772,9.328210755304935,0.38202786028677005,1.5308388142484306,3.2945762473932465
146,Terance Mann,G-F,0.4742733059724999,90.53494371754883,103.77130135540531,0.7985566015047564,30.612642239951633,7.867438537600101,0.34404359471442514,34.97276827138279,67.18160059400834
147,Terry Rozier,G,0.453528145651143,90.70105521815613,109.17156793395436,0.8124091013640022,23.04026141963799,5.533406822421533,0.41860549057355373,2.7828371664734424,5.4061607067098825
148,Tobias Harris,F,0.4870236253489931,34.99085867903995,36.55678897036846,0.7722950713797699,30.430329859332772,9.328210755304935,0.37722271713622896,1.5308388142484306,3.2945762473932465
149,Trae Young,G,0.4516782536596498,90.70105521815613,109.17156793395436,0.8084816735139023,23.04026141963799,5.533406822421533,0.33434471008699457,2.7828371664734424,5.4061607067098825
150,Trayce Jackson-Davis,F,0.5060795923551883,34.99085867903995,36.55678897036846,0.7543519518407086,30.430329859332772,9.328210755304935,0.0,1.5308388142484306,3.2945762473932465
151,Tre Mann,G,0.454360392478956,90.70105521815613,109.17156793395436,0.7980369920565326,23.04026141963799,5.533406822421533,0.3232733479025851,2.7828371664734424,5.4061607067098825
152,Trey Murphy III,F,0.48829142949133725,34.99085867903995,36.55678897036846,0.7791956404754252,30.430329859332772,9.328210755304935,0.3911499842615102,1.5308388142484306,3.2945762473932465
153,Tyler Herro,G,0.4541481615243522,90.70105521815613,109.17156793395436,0.820164183707985,23.04026141963799,5.533406822421533,0.3525867328077381,2.7828371664734424,5.4061607067098825
154,Tyrese Haliburton,G,0.45538464546148955,90.70105521815613,109.17156793395436,0.8080423218618276,23.04026141963799,5.533406822421533,0.34992826242418096,2.7828371664734424,5.4061607067098825
155,Tyrese Maxey,G,0.4554211091795339,90.70105521815613,109.17156793395436,0.8135050206070512,23.04026141963799,5.533406822421533,0.3467994388175985,2.7828371664734424,5.4061607067098825
156,Tyus Jones,G,0.452384898286644,90.70105521815613,109.17156793395436,0.8091241240002324,23.04026141963799,5.533406822421533,0.3422409567972144,2.7828371664734424,5.4061607067098825
157,Victor Wembanyama,C-F,0.5225344911557511,23.635134544009638,19.255955000091106,0.7544781088062894,48.56218141746356,15.879826742983077,0.31734029262519825,0.4669306114810614,1.626257876407367
158,Walker Kessler,C,0.6190335321210367,25.321389968618398,16.267017301381586,0.667993705637431,11.298709417261428,5.925798260326362,0.0,0.1661969325996309,1.1041625851149328
159,Wendell Carter Jr.,C,0.595489283579225,25.321389968618398,16.267017301381586,0.6618107877700028,11.298709417261428,5.925798260326362,0.3025659447280814,0.1661969325996309,1.1041625851149328
160,Zach LaVine,G-F,0.46705941522892047,90.53494371754883,103.77130135540531,0.7965250836399701,30.612642239951633,7.867438537600101,0.34416948298298905,34.97276827138279,67.18160059400834
161,Zion Williamson,F-C,0.5259296292373431,32.17612172546165,27.344806602137755,0.7411322926444324,29.542146455562055,10.100700097378843,0.30166320283905596,11.070113697699828,25.530621924052834
