sim_num,team_a_cats,team_b_cats,ties,winner,team_a_FGM,team_a_FGA,team_a_FTM,team_a_FTA,team_a_FG3M,team_a_FG3A,team_a_PTS,team_a_REB,team_a_AST,team_a_STL,team_a_BLK,team_a_TOV,team_a_DD,team_b_FGM,team_b_FGA,team_b_FTM,team_b_FTA,team_b_FG3M,team_b_FG3A,team_b_PTS,team_b_REB,team_b_AST,team_b_STL,team_b_BLK,team_b_TOV,team_b_DD
0,4,7,0,B,244,400,112,140,40,111,587,193,120,37,17,71,6,217,469,99,127,46,151,626,256,131,35,31,55,9
1,6,5,0,A,219,400,103,147,35,107,609,158,110,41,22,79,7,200,421,78,123,33,135,604,308,158,27,25,53,10
2,5,5,1,TIE,230,455,96,142,46,122,508,170,142,36,25,83,8,177,414,77,118,31,142,589,313,155,31,25,62,12
3,3,8,0,B,204,413,115,143,30,89,526,180,114,29,23,80,7,219,433,60,102,68,162,415,248,128,24,27,57,9
4,3,8,0,B,203,428,96,128,31,106,533,180,119,26,14,77,8,170,369,93,114,50,157,559,245,144,25,22,68,7
5,2,9,0,B,245,434,113,143,26,112,519,186,102,22,14,80,2,183,351,84,109,52,163,561,286,220,28,23,63,9
6,6,5,0,A,203,429,104,140,36,117,559,160,105,39,20,79,7,201,418,90,144,28,171,522,280,120,29,12,58,9
7,4,7,0,B,238,418,103,148,40,140,550,223,92,22,24,92,8,184,390,70,104,47,166,602,248,115,27,26,50,5
8,6,5,0,A,238,436,113,162,53,116,636,184,145,28,21,75,5,207,399,80,122,50,161,568,242,107,45,22,38,8
9,4,7,0,B,240,434,147,173,40,127,614,190,119,45,14,78,7,171,346,87,127,48,138,571,244,122,29,26,52,8
10,2,8,1,B,259,449,77,105,37,125,529,194,120,29,15,82,9,257,455,69,91,47,174,543,297,138,30,15,56,11
11,4,7,0,B,250,424,96,160,40,142,525,161,112,30,16,70,6,196,449,101,127,60,146,511,261,159,27,34,71,8
12,1,10,0,B,205,390,67,119,30,138,520,183,128,28,20,100,8,182,388,93,112,37,149,546,258,146,36,24,83,10
13,3,7,1,B,240,502,81,115,33,114,579,161,89,27,14,85,4,224,414,89,134,33,162,523,258,120,43,20,60,9
14,2,9,0,B,236,446,116,138,27,140,562,197,171,27,14,75,7,247,426,78,112,51,157,623,250,110,29,15,57,10
15,5,6,0,B,249,453,107,143,46,105,553,179,106,26,26,79,6,208,427,82,119,39,172,561,212,112,28,25,62,8
16,1,10,0,B,223,451,90,125,20,98,627,155,135,24,17,84,4,199,395,71,92,37,159,519,241,155,27,28,64,5
17,7,4,0,A,181,393,84,107,32,106,521,197,138,27,20,94,7,186,405,84,116,42,148,598,224,112,20,19,66,6
18,6,5,0,A,218,427,113,133,38,130,572,170,123,28,21,88,8,201,407,65,107,45,171,481,234,128,30,16,60,7
19,4,7,0,B,207,407,103,144,40,127,501,189,132,27,8,78,9,185,434,90,119,33,178,457,250,144,37,23,45,12
20,6,5,0,A,273,471,127,167,41,118,605,199,106,30,25,74,8,239,411,103,136,48,145,542,259,121,22,17,95,9
21,3,8,0,B,227,404,80,124,45,164,524,172,134,27,16,86,6,195,404,86,118,60,176,616,230,114,18,32,64,11
22,4,6,1,B,207,449,59,93,56,144,511,158,132,24,21,89,6,220,428,74,112,48,177,492,274,118,35,27,66,6
23,2,9,0,B,232,440,127,176,34,114,564,199,115,21,15,99,10,221,414,67,108,46,148,568,248,138,36,31,54,8
24,5,5,1,TIE,242,445,72,89,43,135,653,174,131,34,19,103,12,228,419,78,101,39,153,643,238,131,40,20,70,6
25,3,8,0,B,233,432,100,153,41,143,539,185,128,31,16,81,8,189,419,100,127,43,158,524,288,132,44,33,70,15
26,6,5,0,A,214,412,91,123,19,89,603,191,108,20,21,60,11,244,479,78,115,56,178,495,268,82,30,25,69,7
27,5,5,1,TIE,220,425,120,138,33,129,603,182,117,42,21,78,11,192,429,83,128,63,177,553,321,141,34,21,63,7
28,7,4,0,A,261,498,105,144,45,142,590,214,128,28,20,72,11,190,450,79,119,36,153,544,269,133,38,11,65,8
29,5,5,1,TIE,209,435,103,154,45,142,607,195,132,30,19,84,10,173,391,72,92,36,165,600,244,140,30,17,60,11
30,5,6,0,B,244,499,97,126,43,130,624,193,108,30,23,81,6,207,420,82,134,46,152,563,284,120,27,20,71,12
31,4,7,0,B,202,432,109,168,28,124,576,159,105,36,14,94,10,172,390,89,116,63,182,564,297,118,34,19,78,9
32,2,8,1,B,267,449,90,127,35,121,521,166,146,25,6,77,7,167,356,78,106,58,193,564,246,125,33,19,70,7
33,6,5,0,A,210,402,117,170,56,150,620,204,159,23,19,56,9,189,381,84,119,49,180,619,249,132,27,34,68,11
34,2,9,0,B,184,402,101,130,36,107,661,175,115,28,13,73,6,191,372,95,114,54,169,511,240,137,33,25,54,8
35,2,9,0,B,243,483,83,119,49,131,591,163,118,17,18,81,5,190,392,122,154,60,158,551,271,127,42,25,74,9
36,7,4,0,A,213,402,123,145,47,135,646,173,127,30,7,76,11,183,451,77,99,35,154,554,280,137,25,36,56,6
37,3,7,1,B,227,447,88,115,27,127,559,179,129,22,17,64,8,172,397,86,122,42,167,550,227,155,31,22,41,8
38,5,6,0,B,232,442,139,178,26,98,562,145,118,35,17,94,7,188,371,78,109,35,149,552,263,145,31,26,44,11
39,5,4,2,A,193,446,107,150,27,116,590,183,132,29,27,81,10,184,446,70,113,36,121,563,275,132,28,26,54,10
40,4,6,1,B,221,425,94,135,34,153,666,173,127,29,8,79,9,218,428,84,127,33,133,673,266,149,21,37,72,9
41,3,8,0,B,225,459,97,127,31,151,550,199,126,28,16,75,9,198,393,109,130,54,182,491,270,114,38,21,74,7
42,5,6,0,B,196,422,72,121,42,159,608,200,118,41,18,76,13,192,404,67,102,31,142,494,268,134,24,24,51,10
43,4,7,0,B,238,387,98,136,50,137,593,180,121,39,30,88,7,178,439,70,96,39,163,476,245,147,46,32,64,10
44,3,8,0,B,249,474,86,122,34,113,523,178,125,27,31,73,8,209,393,88,115,39,157,507,245,138,31,25,56,9
45,5,6,0,B,206,388,116,149,45,109,562,159,138,33,18,101,4,182,424,97,121,40,178,555,297,123,43,24,56,9
46,6,5,0,A,221,439,124,166,44,131,648,178,138,26,18,85,10,184,381,75,105,56,159,549,271,131,23,33,57,9
47,5,6,0,B,239,447,93,122,40,134,552,173,129,29,17,71,8,205,417,56,111,51,174,516,280,136,48,36,51,7
48,2,9,0,B,238,459,93,128,28,142,699,195,139,30,28,74,8,212,406,83,116,48,174,572,263,143,34,34,47,9
49,5,6,0,B,262,420,121,140,37,131,572,195,102,31,13,72,7,199,443,72,101,31,159,582,257,141,21,18,56,8
50,3,8,0,B,209,459,92,124,25,126,605,175,83,27,17,77,6,175,434,66,92,52,166,509,215,139,32,27,68,9
51,8,3,0,A,234,427,85,118,46,113,593,142,119,30,27,70,3,201,439,100,157,40,133,562,286,115,25,19,57,14
52,4,7,0,B,260,485,134,167,37,125,602,162,117,20,22,89,8,212,408,81,108,45,147,490,262,126,28,14,64,10
53,6,5,0,A,251,464,116,155,36,94,496,185,127,43,34,96,6,204,408,69,97,59,198,493,223,138,26,23,69,7
54,2,9,0,B,197,413,79,124,31,110,536,184,128,37,10,86,8,232,478,100,129,53,174,605,254,120,24,12,53,10
55,4,7,0,B,218,406,102,147,46,113,571,148,106,31,18,94,10,199,392,75,108,49,156,576,240,120,20,26,63,8
56,3,8,0,B,213,469,104,147,47,119,595,178,95,34,18,82,5,226,435,94,129,61,186,527,278,121,27,28,61,10
57,2,9,0,B,220,410,111,157,39,125,602,174,117,23,20,82,7,212,400,80,124,58,179,648,254,135,28,24,58,9
58,4,7,0,B,222,440,66,107,44,134,620,192,115,26,15,75,10,168,414,78,116,38,156,592,260,127,39,23,64,12
59,5,5,1,TIE,269,459,79,123,42,121,544,196,123,29,17,89,7,203,410,73,115,56,147,508,260,112,17,17,58,9
60,4,7,0,B,235,475,76,117,28,106,599,169,139,34,22,60,5,225,430,75,129,38,133,520,253,126,23,27,54,8
61,6,4,1,A,206,417,128,159,35,123,542,159,135,34,9,88,7,195,391,110,156,35,174,504,254,112,28,21,59,4
62,2,9,0,B,198,414,123,153,30,121,622,173,100,28,18,87,6,215,444,87,118,48,175,631,248,168,34,16,57,11
63,4,7,0,B,219,397,112,152,20,117,639,203,108,37,18,87,8,159,364,79,118,52,168,525,231,150,23,31,65,9
64,5,6,0,B,211,386,116,153,36,133,563,176,115,33,23,91,10,223,463,82,110,48,156,520,216,133,24,26,59,7
65,5,5,1,TIE,224,431,115,149,65,141,595,178,139,29,16,71,10,199,451,83,111,50,170,632,273,130,31,30,60,10
66,3,8,0,B,219,404,125,167,25,114,660,173,111,26,33,63,6,225,402,89,121,54,145,544,266,144,33,20,57,7
67,5,6,0,B,223,392,121,145,32,116,683,169,108,29,27,77,9,179,389,89,137,45,171,562,311,145,35,17,59,13
68,3,8,0,B,198,424,96,137,36,120,540,185,121,24,17,72,7,211,425,72,97,53,179,521,274,103,34,19,57,9
69,2,9,0,B,231,427,111,153,34,118,583,188,98,23,17,97,5,228,424,85,111,54,173,476,280,115,31,20,57,11
70,3,8,0,B,226,430,109,142,29,116,549,187,104,24,23,78,6,159,379,91,148,59,179,537,245,146,31,27,48,8
71,7,4,0,A,265,514,94,118,36,147,589,184,138,20,12,96,9,204,400,62,108,32,137,579,235,122,27,23,50,7
72,3,8,0,B,256,467,99,133,33,113,563,173,114,30,16,89,8,216,436,72,96,54,162,474,234,123,33,22,56,7
73,5,6,0,B,215,436,112,135,22,124,598,199,139,27,23,73,11,192,429,83,115,45,158,439,247,129,34,28,71,7
74,4,7,0,B,209,435,97,121,30,127,496,169,130,17,23,79,4,205,455,68,104,42,165,431,253,143,26,21,58,7
75,1,10,0,B,199,444,87,116,36,118,535,177,108,22,10,72,6,199,387,63,88,52,154,563,273,146,30,16,41,8
76,3,8,0,B,243,500,146,182,34,113,517,204,120,29,18,81,9,198,389,89,130,53,157,569,226,123,25,28,72,7
77,7,4,0,A,247,429,105,142,56,113,557,185,155,26,14,86,12,195,425,95,121,31,166,373,249,111,21,29,53,8
78,4,7,0,B,170,350,129,170,25,109,564,190,100,27,18,73,9,198,438,78,132,63,190,515,231,112,33,20,80,11
79,4,7,0,B,235,478,85,124,36,140,475,190,132,21,27,77,8,192,392,67,94,54,192,469,267,128,28,44,71,6
80,4,7,0,B,211,403,85,129,28,114,660,157,126,33,28,83,7,187,395,78,108,45,149,575,285,133,32,22,59,12
81,3,8,0,B,192,368,95,146,44,110,524,172,132,30,11,94,4,206,420,67,97,50,180,545,272,136,29,31,65,10
82,6,5,0,A,246,481,89,136,32,104,659,162,139,38,17,60,10,183,409,73,99,61,166,532,266,123,26,25,69,9
83,5,6,0,B,235,445,99,135,24,105,587,178,94,33,11,76,8,180,388,75,109,47,171,524,282,160,18,33,80,10
84,3,8,0,B,273,465,91,136,44,108,489,136,118,27,22,76,4,185,387,105,128,46,151,530,257,149,37,16,64,10
85,4,7,0,B,225,423,109,156,40,111,664,200,115,29,15,80,7,187,384,90,123,59,198,578,247,132,24,34,65,8
86,2,9,0,B,250,417,72,115,34,118,614,164,118,32,19,86,8,186,377,102,133,48,160,528,232,163,38,30,72,12
87,4,7,0,B,228,440,76,137,27,111,609,195,118,28,25,84,7,202,392,89,116,58,187,492,253,121,31,17,60,6
88,5,6,0,B,245,427,146,187,23,100,600,181,106,37,22,72,6,178,397,72,102,43,172,549,271,147,21,27,73,9
89,6,4,1,A,244,424,97,125,39,122,546,194,122,38,40,82,8,220,424,85,115,63,169,462,222,122,34,15,65,7
90,4,7,0,B,217,442,99,119,41,115,566,178,122,22,10,81,6,193,400,86,126,59,202,550,284,144,32,14,57,7
91,3,8,0,B,195,432,115,147,27,99,555,184,100,24,18,80,4,215,495,83,111,53,176,448,242,134,26,22,49,7
92,3,8,0,B,193,403,138,182,46,154,599,186,97,25,16,71,3,220,442,66,87,63,224,570,230,148,19,21,60,7
93,1,10,0,B,186,404,87,126,37,99,564,163,98,33,25,86,4,239,453,86,125,79,165,612,243,126,34,28,71,9
94,4,7,0,B,285,505,96,111,30,108,621,194,170,32,25,88,9,179,405,75,97,57,192,532,265,132,39,27,60,10
95,5,6,0,B,196,393,96,128,29,119,644,199,123,29,21,77,10,188,456,70,110,54,176,502,254,130,27,24,74,9
96,2,9,0,B,225,421,68,100,26,101,563,161,114,22,18,102,8,194,385,76,104,56,179,602,238,101,24,25,55,10
97,6,5,0,A,208,379,99,116,42,129,575,168,156,32,8,75,7,226,458,60,105,38,146,582,228,144,31,38,66,8
98,2,8,1,B,192,412,101,132,33,104,573,201,126,30,12,79,8,224,448,89,113,53,141,525,261,120,32,15,62,8
99,1,10,0,B,193,366,94,126,26,137,431,169,101,32,16,88,4,204,395,93,113,31,149,571,280,158,33,17,72,12
100,3,8,0,B,199,413,92,122,28,117,586,182,117,31,17,83,6,242,428,73,106,45,149,568,239,142,27,28,61,7
101,4,7,0,B,176,352,97,139,37,145,594,200,130,33,25,72,7,201,400,99,117,39,167,543,254,143,22,16,62,9
102,1,10,0,B,188,379,87,142,28,94,588,167,108,23,20,66,7,219,387,87,125,49,134,556,276,143,44,30,56,15
103,5,6,0,B,197,385,99,166,46,111,563,202,145,30,24,108,9,207,402,76,113,44,168,579,250,121,29,19,76,13
104,4,7,0,B,192,362,72,106,28,112,650,198,117,34,18,65,8,176,354,83,122,50,167,626,314,123,27,17,47,14
105,4,5,2,B,243,461,122,162,44,123,565,173,127,28,5,87,7,194,428,70,120,47,170,567,227,127,20,24,70,7
106,5,6,0,B,284,450,131,159,28,127,638,180,127,31,25,89,10,182,454,70,111,54,165,511,255,136,43,20,66,7
107,4,7,0,B,252,487,130,178,34,124,596,143,119,21,10,75,10,217,411,93,127,65,183,550,271,117,35,25,82,7
108,4,7,0,B,205,388,77,111,45,114,639,177,129,41,20,95,9,190,405,77,100,52,179,518,251,157,26,22,65,11
109,6,5,0,A,212,371,94,145,36,106,618,205,129,21,36,65,9,180,401,60,92,48,176,564,224,142,31,31,70,7
110,1,10,0,B,194,386,84,133,28,130,528,152,116,19,21,88,4,207,417,96,123,52,160,590,227,127,27,30,59,7
111,4,7,0,B,214,441,76,105,24,123,535,214,128,31,13,76,13,206,394,64,109,50,157,669,254,124,26,15,49,10
112,4,7,0,B,258,461,130,176,37,105,517,171,121,24,27,70,10,224,422,81,119,38,165,560,286,135,20,28,57,11
113,3,8,0,B,230,452,79,125,40,133,565,173,113,37,18,67,5,180,393,110,144,50,166,585,228,102,28,24,66,9
114,4,7,0,B,217,401,76,144,39,119,525,181,136,17,17,94,5,230,493,58,79,35,128,559,267,98,38,26,69,9
115,2,9,0,B,262,429,114,142,37,107,550,156,117,32,15,82,7,189,376,102,121,70,198,642,264,118,24,19,75,12
116,2,9,0,B,187,369,79,119,38,104,585,227,124,24,16,79,8,220,434,71,88,44,155,521,299,134,33,27,71,12
117,3,8,0,B,273,491,89,132,32,110,524,163,132,32,14,80,8,204,402,77,108,53,191,531,286,170,28,26,62,11
118,4,7,0,B,228,440,96,148,41,103,572,179,126,16,22,72,9,192,404,87,126,54,156,586,261,127,30,17,80,11
119,4,7,0,B,174,371,105,134,24,109,600,181,134,27,16,72,9,200,447,67,97,54,178,472,240,150,35,24,56,8
120,7,3,1,A,200,389,79,108,44,118,584,175,138,25,28,47,7,187,364,101,119,42,179,454,255,136,36,24,55,7
121,5,6,0,B,241,437,90,142,31,119,675,197,127,38,16,76,7,162,381,83,119,30,150,496,287,141,33,31,53,8
122,1,10,0,B,206,409,82,140,27,124,467,161,91,20,24,75,2,220,429,79,117,48,198,535,261,128,27,23,49,8
123,5,6,0,B,212,432,99,140,48,143,554,164,131,30,23,80,7,219,460,75,110,46,161,438,253,135,31,28,67,11
124,2,9,0,B,194,381,87,117,40,109,625,182,126,25,13,71,7,218,415,98,122,45,168,583,303,128,31,17,47,8
125,5,6,0,B,249,494,95,164,46,130,580,185,125,31,27,91,9,241,477,77,110,37,167,538,309,134,30,23,75,10
126,5,6,0,B,202,373,96,135,27,118,543,201,117,24,16,108,12,148,356,75,110,46,169,524,252,122,37,8,69,8
127,2,8,1,B,177,370,84,121,34,111,588,222,116,28,21,89,7,178,370,92,101,38,182,633,245,128,29,20,57,7
128,5,6,0,B,173,355,112,134,27,114,647,165,103,30,15,108,8,243,471,84,118,44,146,535,277,92,19,17,62,7
129,4,6,1,B,256,454,72,94,31,104,588,171,106,28,18,74,8,210,387,81,108,43,183,576,256,142,48,34,50,8
130,6,5,0,A,222,395,117,153,34,113,554,170,124,27,16,82,11,194,431,95,125,50,173,502,248,127,19,23,57,8
131,7,4,0,A,221,422,136,171,37,114,553,157,112,34,30,82,5,199,384,104,151,30,160,474,237,132,23,17,52,6
132,4,7,0,B,239,454,105,145,28,109,623,140,127,35,18,73,5,214,431,62,91,59,198,553,276,152,38,13,66,8
133,7,4,0,A,220,421,113,164,51,151,501,192,134,33,16,74,8,186,388,52,80,43,147,497,259,124,22,18,67,9
134,5,6,0,B,205,399,112,154,38,131,448,166,108,27,20,84,7,161,365,74,101,36,142,494,260,136,19,16,52,10
135,4,7,0,B,217,494,115,149,36,120,510,168,156,41,17,83,10,182,363,78,111,49,129,606,269,140,26,32,73,9
136,4,6,1,B,247,439,87,125,30,128,622,182,114,18,28,71,7,192,416,64,99,50,169,538,263,131,34,25,57,7
137,2,9,0,B,229,446,68,100,23,123,539,204,106,34,14,58,6,209,386,97,111,55,176,563,257,116,24,27,60,8
138,2,8,1,B,208,385,95,136,44,111,591,178,121,27,15,64,6,241,471,110,147,50,131,613,263,128,35,20,64,10
139,4,7,0,B,216,418,102,131,39,116,567,197,103,22,24,75,13,198,375,76,93,60,204,503,271,122,33,22,57,9
140,3,8,0,B,237,421,113,147,33,122,611,175,118,31,22,68,4,197,403,92,138,56,165,496,239,136,39,30,42,12
141,5,6,0,B,208,432,84,118,34,113,575,195,137,32,35,77,5,231,428,72,95,40,174,505,244,105,28,31,70,9
142,4,7,0,B,204,419,101,132,32,136,592,158,135,29,15,83,7,179,376,64,89,42,147,508,235,138,41,24,67,6
143,2,8,1,B,207,395,94,128,34,110,558,183,116,36,10,73,7,202,384,81,109,46,149,511,265,119,36,29,58,8
144,3,8,0,B,259,456,119,158,39,130,587,188,111,27,12,72,6,172,399,72,107,52,167,526,302,113,33,21,43,10
145,4,7,0,B,209,451,100,132,35,119,726,185,128,24,9,97,10,189,386,78,114,55,168,551,285,108,29,23,63,7
146,5,6,0,B,243,452,93,139,32,104,612,185,121,30,24,68,8,236,448,68,115,60,180,514,249,142,25,33,57,6
147,2,9,0,B,177,396,93,133,30,120,645,158,112,29,17,77,7,179,396,64,111,44,171,546,258,134,39,40,59,8
148,2,8,1,B,222,427,86,123,26,122,551,194,114,33,12,68,7,230,447,83,113,38,116,595,260,90,39,21,62,7
149,5,6,0,B,262,450,107,142,52,136,500,183,105,29,29,71,8,185,376,87,125,40,160,525,264,123,20,33,67,11
150,5,6,0,B,224,460,83,112,38,137,634,171,115,38,16,72,7,227,448,96,149,39,162,466,288,123,24,27,62,6
151,2,9,0,B,175,383,85,117,43,119,546,184,120,32,31,72,3,230,409,102,132,60,160,492,270,125,26,42,48,7
152,6,5,0,A,261,457,127,143,28,99,599,168,98,48,26,74,8,194,400,72,109,52,192,548,275,138,54,19,73,6
153,3,7,1,B,182,347,76,107,23,98,575,167,130,22,13,84,7,195,396,114,137,61,205,552,262,115,36,14,84,9
154,2,9,0,B,184,360,78,111,45,140,538,192,132,29,19,78,6,249,464,92,124,71,181,547,273,127,24,25,72,9
155,5,6,0,B,237,436,72,112,35,107,625,182,110,34,27,86,13,218,433,88,123,48,155,567,201,132,41,24,51,8
156,3,7,1,B,192,406,78,106,36,141,590,167,112,45,9,102,7,218,451,84,132,41,167,555,294,147,45,23,60,13
157,5,5,1,TIE,235,441,89,117,58,128,550,213,123,27,32,77,9,217,402,59,88,44,161,500,241,146,30,21,59,9
158,2,9,0,B,230,458,84,123,17,77,618,164,132,29,20,68,6,212,419,72,105,48,156,553,294,130,33,24,51,11
159,3,8,0,B,179,394,123,176,28,157,594,167,116,42,24,74,4,262,442,74,99,50,175,566,265,134,34,22,72,10
160,4,7,0,B,195,385,106,143,38,126,553,193,108,26,20,66,3,191,427,89,129,53,176,498,260,125,29,33,65,7
161,4,7,0,B,221,412,135,181,32,123,633,190,127,42,28,85,8,190,405,107,135,46,174,567,267,147,31,20,59,13
162,2,9,0,B,214,409,63,97,30,112,653,200,122,26,18,92,8,200,428,72,106,58,171,554,257,137,41,23,48,11
163,2,9,0,B,222,456,89,125,29,104,605,197,123,26,13,84,9,198,385,75,114,55,188,604,277,157,27,27,72,11
164,4,7,0,B,196,410,74,105,27,98,625,166,137,33,17,75,8,228,400,91,119,48,192,531,275,104,29,20,52,9
165,5,6,0,B,192,347,130,149,49,125,507,154,108,20,23,85,6,179,428,67,107,47,141,475,276,142,33,29,63,13
166,3,8,0,B,247,453,93,147,32,105,589,162,90,35,21,98,5,194,402,87,110,51,131,491,265,134,33,26,72,7
167,4,6,1,B,200,403,117,162,26,93,587,182,140,29,15,61,8,249,430,69,121,45,174,530,257,186,37,43,68,8
168,4,7,0,B,228,449,107,127,27,110,574,170,131,29,14,81,8,208,434,94,130,43,150,538,247,128,36,30,47,9
169,2,9,0,B,206,383,83,126,35,154,648,167,120,24,26,71,8,225,394,96,140,44,149,470,272,110,29,28,48,11
170,2,9,0,B,282,488,81,135,34,107,527,170,123,21,15,83,5,195,414,64,93,63,172,537,241,106,32,34,72,9
171,2,9,0,B,228,413,99,151,38,134,517,191,151,24,20,92,6,205,415,84,125,77,180,557,272,105,31,28,73,7
172,5,5,1,TIE,184,364,79,115,35,104,554,177,138,31,19,100,6,201,423,72,104,44,175,481,290,101,17,24,62,6
173,7,4,0,A,210,415,96,124,35,117,587,173,143,27,25,59,10,206,467,96,128,44,141,486,268,136,26,19,67,13
174,2,9,0,B,240,515,75,117,28,117,595,151,108,28,13,74,5,238,465,84,107,60,162,508,234,116,35,27,75,6
175,7,4,0,A,221,387,98,124,30,133,648,199,137,33,25,87,10,191,426,61,97,45,183,595,230,127,30,18,55,7
176,5,6,0,B,231,413,106,139,27,93,528,176,126,37,16,87,3,201,403,89,110,48,171,522,250,125,34,21,61,7
177,4,7,0,B,234,407,96,117,29,108,624,193,130,29,15,78,11,249,443,69,122,53,177,504,269,127,38,20,62,12
178,6,5,0,A,208,422,123,152,39,114,573,202,140,32,18,77,12,268,491,88,115,51,153,529,265,124,20,19,61,8
179,4,7,0,B,253,489,121,153,29,116,613,175,141,30,17,99,7,186,436,75,108,48,191,608,279,150,33,15,65,11
180,5,6,0,B,219,409,68,107,49,167,559,192,130,30,28,76,10,217,431,94,115,63,174,449,266,141,28,19,68,9
181,3,8,0,B,191,383,137,178,33,141,621,206,125,22,13,67,12,200,393,91,141,75,207,555,274,131,37,16,63,8
182,6,5,0,A,260,463,102,142,50,132,655,173,88,27,16,80,8,224,427,78,118,30,128,533,277,118,36,25,72,7
183,7,4,0,A,215,381,135,173,46,141,581,166,148,26,22,70,9,208,424,81,115,56,173,567,252,128,34,17,59,7
184,4,7,0,B,236,415,115,182,44,136,556,171,96,25,13,83,4,221,411,81,113,40,160,483,257,129,38,17,56,6
185,4,7,0,B,236,486,128,159,40,142,680,174,104,22,8,88,6,212,374,69,103,33,169,550,242,161,34,22,65,8
186,5,5,1,TIE,215,416,108,130,39,136,451,218,117,32,18,102,8,153,355,97,128,38,168,537,245,133,23,28,54,8
187,3,8,0,B,178,377,103,129,36,114,524,184,106,46,21,85,6,205,376,104,139,46,186,594,276,129,27,37,59,9
188,5,6,0,B,245,455,81,136,23,100,557,185,137,31,22,89,7,233,394,82,116,41,180,518,293,130,24,15,53,11
189,5,5,1,TIE,212,408,110,131,52,159,540,198,126,23,18,82,9,187,399,83,107,46,180,585,275,159,23,15,54,10
190,5,6,0,B,182,415,162,195,39,122,596,156,125,33,10,69,7,187,404,82,99,61,179,520,248,121,26,28,58,5
191,2,9,0,B,216,442,122,161,42,126,585,174,128,26,25,96,6,218,439,76,91,46,166,568,282,129,33,29,63,11
192,3,8,0,B,235,455,101,140,39,115,656,174,109,21,23,87,5,234,412,60,99,56,172,594,294,121,27,31,52,9
193,4,6,1,B,231,442,123,151,30,133,533,169,133,39,12,81,8,211,462,87,128,58,167,533,269,125,30,13,62,11
194,0,11,0,B,181,404,88,123,45,153,574,161,118,19,22,90,7,213,400,102,126,62,151,593,268,156,27,23,53,11
195,3,8,0,B,206,432,76,121,42,141,654,171,102,33,27,83,6,261,487,77,115,63,180,541,256,112,30,21,57,10
196,5,4,2,A,250,479,93,131,38,119,523,194,131,30,27,90,8,193,402,105,131,42,144,523,239,125,26,27,66,7
197,3,8,0,B,217,428,81,124,27,122,691,160,123,22,15,83,9,202,414,87,122,48,189,509,253,128,26,25,53,5
198,3,8,0,B,235,436,98,145,31,119,495,170,112,25,20,93,5,225,430,67,106,36,162,633,263,122,40,25,52,8
199,4,6,1,B,197,397,109,163,32,121,656,172,123,30,19,81,8,195,404,81,134,59,181,444,251,132,37,19,58,7
200,2,8,1,B,222,430,77,128,27,99,645,180,124,29,17,71,6,202,431,86,112,61,191,498,265,124,43,22,59,7
201,7,4,0,A,212,410,124,151,49,129,622,202,136,28,19,86,10,231,433,76,131,62,174,568,228,132,27,18,68,8
202,3,7,1,B,218,420,88,124,32,132,513,229,143,24,15,96,8,231,429,66,99,58,158,510,255,139,24,30,57,10
203,3,8,0,B,250,478,79,132,32,105,524,190,129,29,12,93,6,215,466,83,125,72,155,555,275,121,24,20,58,10
204,6,5,0,A,200,417,128,151,51,153,610,199,124,29,12,73,6,174,384,87,128,41,156,545,277,160,27,41,57,15
205,1,9,1,B,240,445,65,108,43,106,548,198,124,26,21,95,4,225,438,71,105,57,140,573,223,145,29,27,48,4
206,2,8,1,B,238,507,83,141,36,153,603,209,134,23,23,88,10,180,402,80,106,47,160,665,262,128,27,38,67,10
207,2,9,0,B,242,440,73,106,33,109,574,157,126,17,15,96,7,170,372,88,113,53,167,501,288,159,52,30,53,12
208,4,7,0,B,222,490,101,126,45,107,599,184,135,22,24,79,8,210,408,85,112,55,156,547,294,147,17,28,50,12
209,4,7,0,B,204,402,112,135,28,102,689,182,141,25,20,93,8,202,406,78,118,58,163,601,263,116,37,26,63,10
210,4,7,0,B,231,452,113,152,33,128,528,192,153,37,12,97,8,173,364,86,117,51,189,541,237,122,34,15,40,10
211,2,8,1,B,188,386,90,120,40,108,558,188,109,25,13,77,8,241,437,94,115,61,168,551,261,115,35,32,64,8
212,4,6,1,B,210,406,58,90,33,148,575,149,128,39,8,85,7,166,400,90,146,40,128,586,243,108,29,15,85,8
213,1,10,0,B,241,459,100,126,33,103,568,188,145,24,20,115,10,269,474,97,118,68,183,627,240,144,28,25,53,13
214,1,10,0,B,184,406,102,135,31,102,582,192,117,21,28,86,4,173,357,73,93,52,162,596,312,143,40,18,75,11
215,3,8,0,B,211,441,91,130,29,110,671,169,125,21,13,78,9,189,429,72,110,54,159,506,267,131,27,20,58,12
216,4,7,0,B,216,429,114,149,37,133,525,175,128,24,20,97,6,192,379,83,119,51,207,513,237,114,35,22,57,9
217,4,6,1,B,239,420,91,111,43,135,492,178,138,32,31,80,8,215,458,74,117,61,184,549,270,117,32,28,55,9
218,5,6,0,B,212,402,113,162,45,138,511,198,125,30,13,75,10,159,340,82,117,40,168,554,253,123,29,20,52,12
219,5,6,0,B,178,390,70,95,39,107,609,139,126,28,13,97,4,199,387,59,104,44,163,528,273,124,16,25,38,10
220,2,8,1,B,178,372,103,121,34,119,545,166,107,28,6,79,9,238,393,69,125,51,152,482,284,140,28,21,59,12
221,3,8,0,B,224,435,99,143,47,118,550,177,110,34,14,99,4,200,428,72,96,41,201,589,244,126,37,33,63,7
222,4,7,0,B,204,410,107,143,28,100,623,208,105,28,23,88,9,201,450,81,105,41,156,480,249,119,36,34,70,8
223,4,7,0,B,242,438,99,145,37,119,597,216,96,36,19,73,8,211,430,61,87,36,155,602,251,127,24,24,60,10
224,3,7,1,B,218,420,60,105,30,123,469,191,142,19,21,84,6,200,406,90,125,30,169,577,280,136,22,31,62,8
225,5,6,0,B,206,412,93,144,32,101,563,208,154,28,36,98,13,180,414,105,144,51,182,565,288,132,57,23,81,9
226,3,8,0,B,202,415,108,148,43,119,512,168,116,27,28,80,7,202,393,72,92,48,172,506,233,113,36,36,42,12
227,6,5,0,A,250,458,134,167,41,103,606,219,106,44,25,84,5,204,400,93,126,42,168,599,242,122,23,20,42,12
228,6,5,0,A,217,418,105,131,23,94,654,192,104,30,20,75,14,220,434,72,101,39,160,546,296,114,27,26,71,8
229,3,8,0,B,220,459,119,153,36,117,524,213,133,38,18,64,8,188,395,59,94,57,182,560,277,148,30,25,43,9
230,2,9,0,B,218,416,90,113,37,121,471,165,96,33,22,62,6,235,434,73,117,47,148,683,267,136,38,28,77,11
231,2,9,0,B,221,427,103,129,29,112,554,188,114,27,17,76,6,186,404,109,131,44,164,517,242,137,51,22,72,7
232,4,6,1,B,218,412,75,115,46,126,511,160,136,31,20,86,9,181,394,112,164,42,146,610,256,120,31,21,54,11
233,5,6,0,B,223,405,106,141,50,130,626,199,98,24,23,76,10,233,433,69,112,59,182,565,264,111,26,21,61,11
234,1,8,2,B,247,470,88,120,33,121,553,194,136,25,13,84,11,196,418,66,90,47,146,557,285,136,26,23,58,12
235,3,8,0,B,212,397,72,98,34,127,600,181,134,26,21,70,7,254,461,87,114,69,208,564,273,125,28,12,65,12
236,6,4,1,A,238,440,81,119,36,119,561,174,113,28,13,53,5,165,354,84,118,35,165,583,249,110,28,11,71,7
237,4,7,0,B,218,452,98,142,35,104,626,175,109,30,4,72,5,186,441,81,116,49,155,582,237,106,47,21,51,8
238,4,7,0,B,246,458,85,119,34,125,691,164,108,31,24,69,10,201,402,87,108,57,165,498,225,131,41,21,65,7
239,3,7,1,B,203,404,108,165,21,124,581,168,110,22,27,60,5,202,434,67,100,54,173,579,234,122,24,19,60,9
240,3,8,0,B,194,419,63,98,29,126,565,181,149,29,17,85,5,185,379,75,106,43,151,466,239,140,30,13,63,9
241,5,6,0,B,203,403,115,138,42,114,536,171,127,37,19,74,9,225,422,56,86,49,172,538,255,129,31,15,49,8
242,3,7,1,B,209,401,83,133,35,109,661,192,122,23,20,97,10,202,407,66,115,52,145,521,282,137,31,31,54,10
243,3,8,0,B,224,452,75,111,36,95,593,201,113,28,13,73,7,205,391,63,110,77,216,501,236,139,35,25,55,10
244,4,6,1,B,214,418,153,184,29,115,540,157,101,24,19,100,6,218,393,87,129,47,190,458,242,133,23,19,63,9
245,6,5,0,A,201,370,112,145,33,147,614,201,101,29,26,81,6,197,411,77,105,30,135,554,275,127,30,20,52,9
246,5,5,1,TIE,287,519,106,156,59,151,546,193,128,26,17,85,11,195,409,66,94,33,142,509,208,173,43,17,66,6
247,4,7,0,B,253,424,99,122,33,136,491,171,101,25,15,92,4,216,414,88,137,53,153,482,259,128,43,13,65,7
248,2,9,0,B,204,450,119,155,46,130,568,136,94,29,19,95,2,203,413,110,136,53,166,583,282,124,32,17,63,10
249,1,10,0,B,164,350,94,129,31,124,626,179,128,33,17,84,6,185,383,96,128,66,166,627,234,157,25,35,74,10
250,3,8,0,B,238,451,96,131,38,118,606,184,133,25,17,76,7,198,440,103,121,51,152,559,259,111,32,21,61,9
251,5,5,1,TIE,225,396,103,138,55,146,508,178,122,25,15,69,6,177,412,68,99,52,158,518,247,147,25,29,77,12
252,3,8,0,B,231,432,72,110,29,107,613,194,130,39,17,91,7,201,382,102,118,49,171,526,251,142,26,34,66,11
253,6,5,0,A,250,449,115,152,40,128,519,181,152,22,20,59,13,217,443,97,138,59,175,491,232,140,27,27,72,7
254,4,7,0,B,199,385,64,113,30,121,597,182,105,14,12,55,2,188,374,69,94,28,156,630,286,149,30,28,59,9
255,3,8,0,B,215,397,77,115,21,111,625,179,115,22,24,86,5,206,416,86,118,44,169,565,228,140,34,23,58,6
256,5,6,0,B,201,395,118,141,25,117,561,200,116,23,22,91,11,199,440,93,140,53,151,487,229,129,26,18,67,8
257,2,9,0,B,257,515,85,139,33,146,593,170,122,27,21,88,5,207,423,64,97,53,174,551,287,137,29,24,65,12
258,2,9,0,B,196,404,87,136,37,120,672,186,123,23,12,79,7,169,413,78,117,62,182,578,247,136,25,24,54,12
259,5,6,0,B,210,480,105,137,37,149,658,188,132,38,17,89,8,184,415,84,104,26,155,465,255,149,31,16,66,12
260,4,7,0,B,214,430,99,125,41,123,666,207,153,27,14,74,9,229,439,66,125,58,148,598,286,120,30,24,64,8
261,4,5,2,B,247,460,139,175,40,125,494,177,132,32,23,73,8,187,381,77,117,47,186,504,264,132,26,24,46,8
262,3,8,0,B,223,449,145,183,53,152,616,163,93,31,18,86,7,202,447,83,107,59,152,485,276,120,36,23,50,9
263,7,3,1,A,204,398,102,148,47,133,551,165,113,27,14,77,5,170,412,60,100,42,150,495,238,103,19,16,61,5
264,5,6,0,B,229,428,123,168,37,109,567,177,112,20,37,75,9,213,416,100,137,51,167,576,259,145,28,20,66,6
265,3,8,0,B,226,409,103,152,45,135,705,215,118,22,15,85,6,207,460,84,124,54,129,578,262,154,35,27,72,8
266,5,6,0,B,265,457,110,147,32,99,557,183,150,31,17,77,6,229,426,63,89,43,179,594,255,147,29,30,55,10
267,4,7,0,B,250,499,100,133,50,142,598,208,88,24,12,85,6,213,441,99,127,42,155,570,242,138,30,23,74,9
268,5,6,0,B,207,381,139,172,18,87,477,166,136,31,18,71,9,188,420,62,87,44,180,470,249,93,37,35,54,8
269,3,8,0,B,258,486,111,151,35,113,535,176,120,23,16,88,4,221,492,103,129,39,131,483,243,132,27,25,47,8
270,3,8,0,B,216,441,112,152,22,90,565,199,105,25,27,91,7,215,392,80,141,51,147,547,271,137,41,19,50,10
271,6,5,0,A,293,525,101,139,37,109,624,190,102,23,17,100,11,164,353,101,127,39,160,542,246,130,20,15,61,10
272,6,5,0,A,216,410,84,112,48,116,617,192,134,27,15,77,13,201,413,81,97,64,162,598,258,120,24,18,65,9
273,3,8,0,B,212,410,79,114,44,145,607,168,123,33,20,72,4,195,390,83,118,55,184,481,240,126,38,31,62,9
274,5,6,0,B,239,435,110,148,42,124,666,203,119,23,22,82,11,181,386,82,105,45,143,590,257,105,30,28,53,8
275,3,8,0,B,236,439,87,125,39,123,618,170,112,25,23,101,4,211,450,103,142,74,216,512,282,103,33,31,62,9
276,5,6,0,B,200,405,91,113,31,90,538,142,110,36,15,82,6,239,468,78,106,41,160,514,239,155,33,24,63,5
277,5,5,1,TIE,217,405,86,130,33,122,637,188,117,37,11,110,8,187,454,73,113,51,155,635,262,112,36,27,54,8
278,2,9,0,B,217,432,77,107,24,96,536,172,109,39,19,82,5,195,406,85,117,43,153,563,268,120,27,27,46,13
279,5,6,0,B,241,417,112,135,39,127,520,166,122,37,21,84,7,220,399,74,94,56,155,437,268,150,35,19,57,9
280,5,6,0,B,232,431,114,152,34,106,655,183,101,22,35,91,6,176,394,55,88,46,167,579,280,126,34,16,33,8
281,7,4,0,A,273,489,88,119,58,139,639,164,114,35,22,69,2,168,397,61,97,31,134,526,225,112,42,23,70,4
282,6,5,0,A,221,406,126,174,37,118,522,172,107,33,17,72,5,203,401,78,125,43,156,557,271,115,25,12,74,10
283,5,6,0,B,202,401,103,145,28,131,663,193,111,20,13,90,7,186,393,67,110,34,182,623,285,154,35,17,52,6
284,5,6,0,B,241,428,74,109,36,106,551,181,129,30,33,88,8,175,449,86,122,54,175,542,221,146,37,30,79,7
285,4,7,0,B,249,460,98,135,34,124,542,188,123,40,14,76,11,176,391,81,114,56,186,494,271,150,34,27,56,13
286,4,5,2,B,203,404,103,151,42,128,613,159,144,35,33,87,9,163,399,104,125,42,155,571,263,137,38,42,63,9
287,5,5,1,TIE,255,510,83,105,31,127,595,165,96,33,20,58,4,213,426,64,95,52,152,559,270,93,26,21,64,9
288,5,5,1,TIE,224,411,109,148,59,141,508,176,127,37,20,106,10,209,422,74,105,51,191,566,248,130,41,20,57,6
289,4,7,0,B,243,431,110,153,44,144,587,145,132,28,19,92,9,176,405,85,110,58,155,526,263,128,22,26,71,10
290,3,8,0,B,214,415,92,136,34,107,603,186,107,24,16,83,7,219,442,83,118,59,175,559,244,106,31,19,72,11
291,2,9,0,B,275,492,88,126,33,117,503,184,112,23,9,92,10,252,497,92,117,60,162,634,285,106,44,29,57,11
292,3,8,0,B,209,402,121,170,37,100,588,217,128,25,21,77,5,168,341,98,138,57,150,662,254,135,20,38,55,11
293,3,8,0,B,232,422,100,168,24,122,599,209,120,26,28,73,10,220,391,91,117,59,177,523,249,133,24,30,58,8
294,3,7,1,B,205,381,75,115,38,121,661,142,129,26,30,79,4,216,470,91,112,70,191,561,228,129,33,25,53,6
295,6,5,0,A,218,431,98,137,36,117,483,181,137,31,23,91,9,207,424,86,133,45,146,468,278,130,25,30,77,6
296,5,6,0,B,226,412,83,114,33,109,561,170,125,37,22,85,6,171,409,90,116,32,155,473,268,147,26,23,62,9
297,7,4,0,A,230,396,87,112,33,161,541,177,119,41,20,73,4,219,417,83,136,31,146,535,261,113,34,24,75,10
298,5,6,0,B,200,376,110,151,35,102,637,176,134,27,30,95,9,230,450,75,108,63,179,599,253,116,44,20,68,11
299,6,5,0,A,240,432,87,118,45,108,620,171,140,27,25,65,7,177,409,54,106,51,181,586,252,111,32,16,60,10
300,4,7,0,B,223,449,94,132,33,107,496,169,129,28,40,70,5,151,368,92,141,45,184,637,248,139,54,27,57,9
301,4,7,0,B,215,430,126,159,41,124,598,179,120,19,23,114,7,200,405,70,120,46,150,621,272,124,35,33,40,6
302,4,6,1,B,193,391,118,146,23,105,624,179,113,23,23,67,10,193,417,96,116,50,193,554,241,123,30,16,67,6
303,2,9,0,B,241,475,87,131,28,103,553,194,115,22,8,109,4,182,420,99,119,50,159,551,250,139,33,15,58,7
304,4,7,0,B,237,431,102,120,18,102,609,195,104,47,14,77,9,187,343,76,103,43,159,491,265,142,33,22,56,12
305,6,4,1,A,218,431,101,134,35,101,549,175,126,27,18,84,7,210,430,80,119,55,179,517,273,115,19,18,65,9
306,5,6,0,B,215,437,118,174,47,141,637,215,167,36,17,65,15,219,441,78,117,52,144,638,268,125,14,35,79,10
307,6,4,1,A,242,458,87,106,28,102,604,196,111,35,22,77,8,189,429,78,108,52,158,519,263,109,24,22,53,7
308,5,6,0,B,195,407,104,135,33,93,617,170,136,31,20,70,8,217,405,114,164,47,165,502,229,130,34,31,57,6
309,5,6,0,B,223,420,87,128,34,95,767,177,105,30,21,74,8,220,454,83,106,50,184,525,245,108,25,31,56,7
310,4,7,0,B,233,449,64,82,34,113,520,170,109,25,10,84,7,197,426,64,106,46,163,482,276,131,32,22,63,11
311,4,7,0,B,218,410,125,150,34,119,611,175,94,24,19,84,6,191,411,83,114,48,135,567,241,136,50,27,82,5
312,5,6,0,B,246,439,134,178,47,137,593,208,133,35,15,88,11,186,399,76,103,45,191,611,254,136,36,31,73,8
313,5,6,0,B,207,431,74,116,33,92,594,167,134,41,15,77,7,203,458,84,116,59,181,520,281,133,28,35,65,11
314,3,8,0,B,272,465,88,124,37,103,615,191,93,32,17,97,8,183,383,86,118,39,150,556,271,129,33,33,53,11
315,5,5,1,TIE,182,426,110,146,44,114,637,165,148,34,13,81,5,233,408,98,148,39,175,564,250,113,34,22,46,8
316,6,5,0,A,217,441,104,133,36,103,499,202,135,29,25,104,8,192,367,72,116,35,169,628,253,122,26,19,71,14
317,3,8,0,B,220,462,91,122,48,146,582,168,128,36,18,89,9,196,402,74,93,59,142,506,286,151,26,25,66,7
318,1,9,1,B,178,430,90,114,47,142,531,185,127,26,15,84,7,212,429,84,102,56,163,529,264,135,36,28,60,7
319,3,8,0,B,184,417,85,116,33,136,616,167,132,31,15,88,8,225,425,105,145,59,174,547,280,115,33,21,57,12
320,3,7,1,B,219,449,112,137,49,169,571,169,116,32,16,115,8,216,419,75,102,52,130,583,248,113,32,21,43,7
321,3,8,0,B,185,426,98,134,38,117,611,202,107,47,23,77,6,246,433,94,132,55,151,530,278,129,23,31,48,8
322,4,7,0,B,214,449,111,139,23,95,461,168,147,28,14,73,10,216,425,60,100,67,180,680,258,123,35,40,84,9
323,7,4,0,A,249,449,61,104,39,139,561,162,98,29,26,70,4,204,397,87,113,36,151,516,265,138,23,20,76,12
324,5,6,0,B,246,459,103,132,31,114,558,184,138,41,19,70,7,211,417,85,121,69,190,494,262,159,21,17,57,10
325,4,7,0,B,243,421,88,133,37,118,417,186,110,28,28,85,5,224,446,88,116,34,166,579,290,147,37,24,56,13
326,5,4,2,A,236,416,86,107,43,123,552,197,125,30,27,68,7,274,510,61,89,72,173,546,293,123,17,27,53,7
327,8,3,0,A,248,487,77,109,26,128,580,194,132,40,25,54,9,185,459,86,122,46,151,558,240,107,32,9,58,8
328,5,6,0,B,166,335,105,129,35,122,572,157,119,34,19,67,6,212,430,103,127,48,160,558,225,129,27,29,71,8
329,3,7,1,B,260,483,107,136,35,111,591,186,123,34,14,71,5,213,449,100,131,46,139,505,272,149,34,23,70,11
330,4,7,0,B,212,415,96,114,29,132,618,193,122,30,26,82,6,207,395,110,138,44,156,552,236,112,17,30,55,9
331,2,9,0,B,221,417,117,156,20,126,578,165,108,20,13,74,4,246,467,104,126,53,149,466,256,137,25,17,66,8
332,5,6,0,B,257,438,95,124,40,135,617,166,130,43,13,75,8,215,400,66,104,52,180,527,249,158,35,17,60,10
333,4,7,0,B,228,390,88,119,28,110,582,201,132,23,20,83,8,164,374,66,106,52,154,515,297,101,27,28,52,9
334,5,6,0,B,230,453,77,98,61,136,589,170,136,18,21,87,7,190,413,78,110,65,210,528,242,113,31,22,55,10
335,3,8,0,B,219,431,119,142,22,96,483,194,117,31,23,75,6,163,338,106,133,47,169,587,254,134,32,22,57,11
336,4,7,0,B,189,373,96,131,44,126,610,218,128,23,15,100,8,215,388,68,100,45,177,551,240,129,25,29,60,6
337,5,6,0,B,232,409,75,114,42,114,577,193,116,23,15,95,10,181,384,65,90,39,210,565,288,135,46,19,66,9
338,4,4,3,TIE,260,488,101,137,48,138,544,154,120,28,16,87,6,197,402,86,114,48,180,516,249,118,28,45,46,6
339,6,5,0,A,233,402,123,158,61,136,483,155,102,42,27,68,4,194,399,59,97,60,170,596,244,112,39,28,84,9
340,4,7,0,B,257,443,103,150,40,137,549,141,126,15,19,76,6,190,413,71,118,53,197,516,247,161,17,24,52,12
341,5,6,0,B,197,431,88,121,44,141,668,177,113,25,8,103,9,184,417,77,102,45,157,583,245,145,22,27,64,7
342,4,6,1,B,255,443,98,144,29,100,637,187,126,26,5,79,4,260,473,61,93,51,179,558,257,126,29,27,65,8
343,6,5,0,A,162,374,94,122,22,120,652,193,146,30,26,82,6,180,424,81,121,43,168,567,258,136,21,13,79,9
344,2,9,0,B,186,407,107,135,37,118,640,149,108,32,17,99,4,226,427,76,110,54,153,540,246,139,37,27,59,9
345,5,6,0,B,201,461,85,116,47,126,639,179,140,28,21,87,8,227,477,64,96,54,174,485,236,111,45,32,72,5
346,3,7,1,B,218,468,124,179,38,102,501,185,113,32,20,90,7,205,407,60,94,40,166,596,261,136,25,20,56,8
347,6,5,0,A,223,414,96,140,31,101,509,197,151,31,21,68,5,222,438,83,112,42,154,556,265,128,23,26,96,4
348,6,5,0,A,202,439,101,121,40,146,564,178,96,27,24,63,11,231,457,79,119,64,158,518,263,149,14,13,68,6
349,6,5,0,A,258,465,91,121,40,122,579,166,138,21,24,76,10,199,392,97,131,36,133,624,264,114,28,26,54,7
350,2,9,0,B,195,402,87,130,31,117,499,187,131,32,16,74,6,224,449,99,127,69,192,546,242,124,34,22,77,7
351,4,7,0,B,219,419,95,125,29,102,670,197,112,37,16,76,8,206,427,100,125,41,159,541,261,139,25,28,63,9
352,2,9,0,B,204,426,101,145,36,112,562,143,128,22,14,73,6,202,356,56,103,47,152,611,269,130,28,20,67,11
353,5,6,0,B,259,444,105,152,45,122,581,197,134,45,27,72,7,248,461,99,120,46,169,546,258,147,22,18,53,9
354,4,7,0,B,223,474,93,127,36,118,519,192,114,17,25,72,7,213,431,88,108,50,170,469,271,112,30,13,68,9
355,7,3,1,A,299,503,75,101,37,118,614,199,140,33,38,84,4,220,461,75,113,36,171,460,242,114,33,31,64,10
356,3,8,0,B,204,431,84,117,44,146,569,192,116,26,23,87,5,181,380,79,111,52,174,561,263,147,36,24,44,7
357,2,9,0,B,303,521,63,102,32,115,520,177,131,25,16,83,9,180,438,83,107,52,172,571,255,112,26,23,68,13
358,1,10,0,B,184,389,91,122,30,159,498,226,148,29,13,85,12,205,432,92,122,34,159,536,231,154,40,26,48,5
359,4,7,0,B,220,420,86,124,37,116,566,188,135,25,31,89,11,235,460,68,103,52,145,547,261,165,39,22,69,12
360,5,5,1,TIE,223,434,100,146,32,108,542,208,102,30,17,89,8,175,378,70,104,36,153,537,243,121,30,37,78,7
361,2,9,0,B,199,399,96,142,33,144,542,159,135,27,25,79,10,215,394,96,123,50,161,492,250,141,34,26,63,9
362,2,9,0,B,233,471,94,141,21,128,567,176,117,25,16,72,5,196,447,64,83,35,131,547,227,142,37,19,66,8
363,3,7,1,B,173,343,73,108,36,137,568,171,114,23,12,91,7,180,436,74,114,57,136,523,275,114,33,25,63,8
364,5,6,0,B,207,405,95,131,52,130,499,174,130,27,19,80,8,204,386,75,113,41,141,544,256,140,36,17,79,6
365,4,6,1,B,236,459,98,130,41,126,551,161,133,37,16,92,8,218,470,62,90,58,165,547,242,128,38,21,71,8
366,4,7,0,B,203,425,75,128,42,100,597,199,118,35,24,78,9,219,440,64,89,44,166,591,280,107,34,34,46,10
367,7,4,0,A,221,419,117,151,36,101,647,183,137,47,9,82,9,185,400,61,115,47,170,439,256,109,38,19,87,10
368,2,9,0,B,197,448,144,182,32,136,497,175,149,21,20,81,7,227,387,59,82,45,154,543,241,138,30,30,56,9
369,6,5,0,A,215,424,95,131,46,110,603,177,153,23,15,89,6,175,400,65,92,48,155,572,235,129,22,29,51,9
370,3,8,0,B,203,416,90,115,33,123,511,195,103,24,19,79,10,166,349,85,118,53,178,536,228,150,42,23,62,7
371,6,5,0,A,198,399,70,109,30,114,551,194,169,34,15,95,12,182,376,58,96,51,184,548,246,115,25,23,65,8
372,3,7,1,B,230,442,83,121,39,133,573,185,113,31,9,80,9,207,423,113,143,53,169,488,258,124,30,16,53,9
373,5,6,0,B,217,450,108,149,27,133,683,155,131,33,4,90,7,157,334,55,92,38,157,542,251,126,26,33,67,11
374,5,6,0,B,235,439,125,151,43,138,617,209,126,31,25,69,11,196,435,84,116,45,136,488,262,128,57,23,47,7
375,2,9,0,B,242,464,104,167,32,112,619,150,125,26,17,68,7,248,455,79,117,46,149,529,290,137,29,13,55,12
376,4,7,0,B,203,414,104,142,43,123,530,165,128,34,21,80,3,207,442,85,112,46,150,585,250,91,26,26,49,6
377,6,5,0,A,203,368,121,171,37,109,557,188,128,29,19,89,10,184,389,69,104,49,163,567,251,115,19,34,56,8
378,4,7,0,B,224,432,134,161,28,106,590,204,113,20,10,71,9,204,454,81,122,46,153,508,250,117,42,26,47,7
379,1,10,0,B,199,379,137,195,26,116,634,183,119,24,13,80,9,215,373,72,112,41,135,668,275,157,26,24,52,15
380,3,8,0,B,245,452,95,141,43,112,580,181,111,32,33,77,6,206,450,100,119,68,154,522,240,129,35,28,46,7
381,4,7,0,B,176,383,92,125,47,121,550,178,121,33,14,83,6,203,433,93,127,58,162,450,253,100,40,37,57,8
382,4,7,0,B,247,421,88,114,31,135,607,158,134,23,15,66,7,179,393,66,94,42,169,605,265,138,33,23,67,9
383,5,6,0,B,233,456,77,108,36,116,648,203,118,33,16,96,12,221,446,79,112,69,177,521,254,138,32,26,71,11
384,6,4,1,A,233,423,118,152,47,133,532,195,125,24,33,81,8,234,478,68,94,38,139,551,222,118,34,19,55,8
385,4,7,0,B,184,388,102,146,24,109,587,159,89,26,18,77,4,223,463,80,115,36,135,487,227,120,19,17,65,7
386,6,4,1,A,246,429,102,145,32,106,588,191,127,39,21,85,11,211,433,75,104,48,165,513,255,127,24,26,87,8
387,6,4,1,A,210,435,90,139,48,135,592,176,130,24,12,78,12,168,391,83,117,46,168,446,221,118,24,16,69,5
388,1,10,0,B,249,437,72,133,29,139,512,172,132,23,7,81,7,205,458,49,84,66,170,592,258,136,38,26,54,10
389,5,6,0,B,226,381,89,119,41,102,550,199,95,24,15,67,13,168,425,59,94,37,173,561,235,130,32,23,64,9
390,3,8,0,B,274,471,93,141,42,120,617,187,99,47,9,74,7,241,471,87,117,71,192,568,261,135,36,19,57,8
391,3,8,0,B,188,373,105,136,23,102,551,185,125,25,22,70,8,198,378,76,125,45,168,572,274,134,15,24,71,12
392,3,8,0,B,211,434,100,139,27,111,555,165,106,24,20,67,10,151,340,77,106,48,138,618,249,129,36,18,65,9
393,3,8,0,B,226,453,97,124,40,146,556,210,104,23,16,90,11,200,397,65,107,50,156,584,251,102,24,31,58,10
394,5,6,0,B,206,391,104,127,45,125,560,195,101,23,11,86,10,181,386,68,90,53,153,556,264,118,34,28,53,8
395,4,6,1,B,188,421,112,150,32,157,613,211,113,30,25,86,7,205,424,80,114,51,154,564,264,130,26,10,82,7
396,4,7,0,B,228,453,70,100,56,115,510,153,122,25,17,60,4,233,428,82,108,36,156,581,285,120,24,22,57,9
397,4,7,0,B,277,475,87,109,32,105,582,176,98,31,30,70,5,168,386,100,138,57,155,585,302,121,26,24,52,13
398,2,9,0,B,200,397,81,122,24,128,469,192,99,38,13,86,6,215,431,89,98,30,136,498,272,123,28,30,69,9
399,5,5,1,TIE,239,412,115,143,35,107,554,212,105,41,19,82,10,158,370,58,95,61,194,554,252,130,36,23,61,6
400,5,6,0,B,214,473,121,149,40,114,558,189,93,30,16,84,4,220,417,88,119,43,173,541,265,133,25,13,66,10
401,5,6,0,B,253,461,58,85,49,117,540,190,141,37,18,99,6,260,496,109,163,53,140,522,225,150,25,37,66,9
402,4,7,0,B,216,424,90,109,53,139,515,190,128,26,22,75,10,228,454,65,86,81,169,573,229,136,31,16,62,6
403,4,6,1,B,224,400,86,122,35,114,515,171,114,28,13,64,11,210,373,76,120,37,147,615,275,109,39,27,67,11
404,6,5,0,A,186,355,85,121,45,128,509,202,110,27,22,94,9,175,377,81,124,39,171,496,281,147,29,16,70,13
405,6,5,0,A,202,434,95,130,36,104,496,169,118,32,53,68,8,206,379,63,108,65,200,487,282,116,44,14,47,7
406,6,5,0,A,258,454,92,139,37,97,536,177,130,26,22,85,6,160,391,91,123,54,197,530,284,112,23,21,68,10
407,4,6,1,B,237,441,87,146,43,136,591,180,114,28,10,84,7,174,419,73,93,41,163,512,271,154,28,31,67,8
408,8,3,0,A,271,467,89,119,51,130,651,150,149,39,20,97,5,190,430,65,113,48,133,580,267,131,26,18,64,9
409,0,11,0,B,183,349,83,123,34,132,572,194,109,29,16,73,4,231,436,79,107,56,169,608,275,136,34,25,53,11
410,3,8,0,B,223,467,113,159,53,140,600,183,122,21,10,85,6,171,367,79,103,54,179,559,232,127,23,30,73,10
411,7,4,0,A,196,403,100,138,31,122,653,171,142,31,21,80,11,214,444,65,98,24,139,576,256,161,16,31,66,10
412,2,7,2,B,196,393,77,115,45,119,693,148,147,29,12,89,4,210,405,95,124,48,170,638,236,169,29,12,55,10
413,6,5,0,A,240,427,115,170,41,116,552,166,142,19,16,74,9,174,358,98,124,49,174,536,249,115,26,24,87,8
414,5,6,0,B,219,420,96,115,25,131,492,178,121,24,20,82,8,191,423,82,116,49,169,582,252,102,27,14,38,7
415,1,9,1,B,170,359,111,166,28,108,548,223,117,27,14,87,10,204,425,74,96,50,210,681,233,125,27,25,45,13
416,5,6,0,B,178,385,129,169,37,125,522,164,136,22,24,76,5,234,420,63,105,39,176,520,254,127,34,20,63,7
417,2,8,1,B,251,444,105,148,22,96,526,172,89,28,32,79,9,239,450,85,127,54,149,545,242,139,39,38,45,9
418,5,6,0,B,213,412,115,179,47,128,619,186,96,38,17,72,7,183,396,77,111,43,184,570,252,113,29,37,65,9
419,5,6,0,B,234,424,117,160,40,110,595,183,114,16,22,69,10,228,416,82,106,57,161,556,267,129,31,16,62,8
420,4,7,0,B,233,404,95,131,59,122,631,187,126,31,15,74,7,201,385,110,139,58,163,546,250,128,36,16,53,9
421,3,7,1,B,207,417,105,137,33,115,507,200,138,27,17,79,11,177,370,95,129,63,181,611,281,122,33,31,57,11
422,2,9,0,B,189,409,108,148,31,103,576,168,130,29,19,81,8,138,378,89,112,58,157,585,282,123,32,29,56,10
423,3,8,0,B,184,374,118,155,37,136,657,170,129,17,15,72,4,181,373,65,92,51,170,515,237,146,27,24,49,8
424,5,6,0,B,228,468,94,149,30,127,568,180,104,31,17,77,9,199,433,82,105,26,159,508,249,130,32,29,65,8
425,4,7,0,B,171,405,88,128,42,136,599,208,113,29,22,53,7,205,421,100,121,33,150,558,289,163,36,24,78,9
426,5,6,0,B,210,393,100,146,38,110,606,217,114,28,19,98,11,167,369,82,124,57,174,570,234,146,43,23,60,5
427,2,9,0,B,223,404,91,165,45,148,543,173,96,27,22,98,8,162,352,69,106,57,171,607,251,121,42,26,46,7
428,3,7,1,B,186,414,77,125,27,152,609,206,112,45,13,75,6,190,405,81,122,48,167,530,252,104,26,18,61,6
429,5,6,0,B,265,499,104,138,35,96,556,152,175,20,29,66,6,206,390,87,105,39,149,509,272,126,26,19,58,11
430,6,5,0,A,256,486,62,109,54,104,593,173,158,29,23,78,6,191,388,66,76,53,173,508,295,128,46,21,68,10
431,3,7,1,B,163,346,129,180,27,134,579,188,138,39,13,105,9,215,441,59,83,52,169,601,252,114,39,22,53,7
432,2,9,0,B,218,412,95,136,31,114,502,215,130,27,12,79,7,171,380,91,130,45,153,533,271,136,21,30,50,10
433,3,7,1,B,241,442,93,160,47,144,576,165,116,29,21,99,5,199,439,68,95,53,134,558,271,123,29,18,62,10
434,5,6,0,B,236,457,115,143,44,134,540,140,117,32,22,78,4,208,404,98,130,38,133,619,249,124,40,18,59,12
435,7,4,0,A,218,437,120,150,34,117,580,158,130,39,43,82,6,212,439,77,94,49,182,523,245,123,35,28,48,5
436,4,6,1,B,229,435,96,147,51,131,579,152,119,25,8,98,6,227,455,114,162,46,153,512,205,149,25,15,67,9
437,1,10,0,B,209,398,98,132,44,181,569,188,140,20,17,114,7,206,392,71,98,57,159,610,301,160,21,24,73,10
438,6,5,0,A,226,401,79,112,36,113,527,195,116,29,8,97,9,173,434,75,114,51,188,501,276,119,28,14,44,8
439,3,8,0,B,198,387,88,126,31,110,591,193,107,28,34,85,7,234,469,98,121,79,189,459,259,190,32,24,58,11
440,4,7,0,B,200,433,115,143,28,142,623,176,117,37,22,78,4,233,467,97,131,41,161,577,242,156,24,20,70,7
441,6,5,0,A,225,418,93,124,35,124,589,186,114,31,23,71,3,201,421,91,131,33,142,571,244,116,30,25,61,7
442,2,7,2,B,261,504,109,159,31,122,578,167,100,20,12,87,3,162,380,67,104,46,163,578,250,122,20,24,60,10
443,3,8,0,B,242,464,87,118,23,107,606,158,119,30,27,72,7,241,434,87,110,47,135,532,275,111,34,13,47,10
444,6,5,0,A,197,423,70,108,42,125,649,157,104,37,27,77,10,183,413,97,124,32,129,566,259,118,29,24,42,11
445,4,7,0,B,271,480,98,131,45,119,555,165,120,30,24,79,6,201,402,94,133,36,178,568,240,141,32,28,42,10
446,4,7,0,B,233,421,135,170,41,134,599,177,101,20,25,59,8,198,397,85,120,52,162,487,288,129,39,38,67,9
447,4,7,0,B,175,380,133,156,34,116,544,161,89,26,17,80,2,188,425,97,121,56,171,505,250,131,21,26,47,11
448,6,4,1,A,250,468,127,148,47,132,633,180,132,48,12,77,8,168,393,63,104,52,157,606,256,116,29,18,58,8
449,4,7,0,B,244,458,92,138,42,131,552,165,130,27,16,80,4,217,415,75,96,52,189,524,237,121,32,29,49,6
450,4,7,0,B,261,489,101,142,36,128,567,189,98,26,11,82,4,205,404,74,109,47,180,537,279,162,29,16,56,11
451,4,7,0,B,241,426,60,98,49,141,523,181,86,34,25,76,9,212,440,87,115,52,177,652,248,147,29,21,44,11
452,4,7,0,B,224,414,125,167,28,119,602,147,108,31,27,77,4,207,405,63,98,56,150,547,266,155,32,25,66,14
453,5,5,1,TIE,269,501,120,143,35,99,532,170,117,24,17,88,5,205,423,70,122,36,139,452,253,130,35,14,52,5
454,2,9,0,B,229,427,106,147,33,131,502,159,126,29,22,95,4,223,423,90,121,69,158,539,254,122,36,25,55,8
455,2,9,0,B,193,404,77,104,41,123,503,166,115,18,8,92,6,205,439,97,126,54,166,549,279,116,45,25,66,10
456,3,8,0,B,223,412,121,178,33,140,549,179,103,34,26,72,6,203,417,104,139,50,171,483,243,131,31,33,46,9
457,6,5,0,A,218,448,79,98,31,102,611,168,124,41,23,72,10,152,386,74,99,50,181,453,237,126,50,17,57,7
458,6,5,0,A,253,429,107,143,56,128,581,161,120,22,24,85,4,214,498,85,117,35,134,575,253,138,20,34,67,11
459,2,9,0,B,225,410,83,123,41,119,452,157,114,34,22,81,8,223,433,109,144,61,162,534,225,117,37,17,72,9
460,4,7,0,B,235,446,104,125,47,140,591,206,114,21,16,85,13,199,422,100,137,75,166,543,252,142,30,29,58,10
461,2,9,0,B,223,452,87,131,27,121,543,187,144,24,14,75,9,214,395,78,115,65,205,590,247,119,23,15,73,10
462,5,6,0,B,218,437,117,151,32,103,611,145,110,23,18,72,4,240,468,96,131,47,132,539,267,108,16,15,55,8
463,2,9,0,B,198,392,82,109,35,120,513,169,110,37,15,77,6,239,464,59,107,46,135,516,253,125,29,24,57,10
464,4,7,0,B,224,394,77,115,44,118,567,172,137,22,18,53,6,223,413,75,126,61,157,542,248,139,23,31,73,10
465,4,7,0,B,224,434,66,106,40,139,547,188,132,26,21,98,6,194,420,74,107,42,188,558,229,127,22,32,63,9
466,4,6,1,B,216,389,113,130,49,156,605,163,145,17,13,73,8,189,390,90,118,79,208,560,258,113,28,18,52,8
467,4,7,0,B,217,415,131,158,38,106,613,189,118,26,14,87,7,169,343,106,142,52,164,542,261,158,37,28,46,12
468,3,8,0,B,241,492,111,142,31,96,528,171,107,28,14,67,8,187,382,74,95,71,191,590,253,132,41,20,73,11
469,3,8,0,B,238,392,101,144,49,125,548,212,142,27,21,67,10,207,420,78,105,57,199,531,262,149,32,31,65,13
470,3,8,0,B,211,455,83,130,33,113,635,157,143,32,25,58,5,214,417,96,129,61,164,466,279,112,37,18,51,7
471,5,6,0,B,238,436,100,150,24,92,515,153,120,28,26,74,4,234,397,78,119,50,106,484,293,118,21,20,58,10
472,5,6,0,B,229,450,66,104,29,146,591,201,112,31,24,91,11,191,381,78,101,59,150,529,272,116,25,15,58,7
473,1,10,0,B,223,427,94,128,34,138,515,175,128,25,15,65,5,191,355,78,114,46,177,524,251,141,55,19,63,7
474,4,7,0,B,195,388,96,168,33,128,561,160,90,36,15,74,5,163,368,75,119,29,159,609,254,134,35,23,46,10
475,5,6,0,B,200,399,110,156,29,105,537,165,124,24,31,75,7,189,409,92,135,51,175,545,237,114,30,27,62,6
476,7,4,0,A,213,376,96,139,42,129,595,188,114,41,43,61,10,217,454,61,103,43,129,555,261,134,22,23,64,9
477,2,8,1,B,195,423,106,134,32,110,617,177,125,25,12,69,6,225,428,92,116,57,191,552,295,148,21,15,69,11
478,5,6,0,B,224,429,96,127,39,127,569,164,131,24,16,57,7,192,445,82,119,50,172,524,234,138,41,22,69,11
479,4,7,0,B,198,383,89,139,32,122,588,183,116,21,16,81,9,213,429,81,108,40,142,515,242,109,33,23,65,8
480,8,3,0,A,267,439,125,166,30,121,606,200,130,30,21,115,8,219,465,83,123,28,156,469,300,121,23,25,56,6
481,2,9,0,B,216,395,97,122,32,122,619,196,114,28,22,66,6,244,418,66,80,55,134,635,234,123,27,23,78,8
482,3,8,0,B,204,466,107,144,39,134,542,181,109,23,11,101,4,188,372,64,115,34,142,559,235,134,31,29,56,7
483,3,8,0,B,226,415,73,110,32,99,502,173,123,27,9,84,7,205,384,90,120,60,187,594,256,153,29,15,58,6
484,5,6,0,B,233,397,84,128,41,108,550,199,116,28,14,78,7,142,348,95,125,46,153,500,281,124,25,23,82,10
485,2,8,1,B,237,494,118,165,41,134,559,189,112,32,19,113,7,219,469,78,102,52,161,570,279,128,30,20,42,7
486,4,6,1,B,219,425,71,125,31,107,545,182,140,26,23,88,9,195,417,77,109,21,154,529,251,156,26,26,52,10
487,4,7,0,B,202,459,75,104,44,119,588,194,104,35,17,83,7,247,425,66,108,57,164,621,246,124,28,15,60,8
488,6,5,0,A,217,464,72,115,41,100,538,216,166,33,17,74,9,206,409,91,113,33,173,533,276,153,13,23,47,8
489,2,8,1,B,220,376,74,116,9,93,535,172,129,31,17,86,8,164,354,86,114,64,192,546,259,129,27,26,68,10
490,2,7,2,B,232,402,53,105,35,130,546,176,109,35,17,72,7,209,414,62,122,69,178,489,247,134,35,29,59,7
491,2,9,0,B,239,424,79,132,30,112,416,167,136,34,5,89,1,209,433,67,101,48,183,608,279,143,36,16,60,10
492,2,9,0,B,222,467,100,136,36,102,584,166,96,39,22,81,4,214,420,66,83,46,143,585,248,99,34,26,71,8
493,3,8,0,B,194,408,102,133,27,112,462,188,106,38,13,88,6,173,410,89,125,39,167,593,257,120,40,31,55,10
494,3,8,0,B,217,427,111,144,25,103,597,200,102,24,15,93,8,188,402,65,102,40,152,666,236,134,30,30,52,7
495,3,6,2,B,220,413,86,121,44,150,519,192,145,20,23,66,9,228,420,72,105,44,150,556,268,113,24,19,51,12
496,3,8,0,B,227,460,85,126,33,119,589,166,110,20,14,75,6,171,385,119,138,36,169,627,258,140,19,19,56,9
497,7,4,0,A,175,398,125,176,31,97,600,154,143,22,21,103,9,174,418,65,97,43,194,544,246,137,29,11,54,8
498,4,5,2,B,192,375,109,163,56,155,567,207,148,30,23,92,10,197,405,79,118,58,183,520,274,117,39,23,47,10
499,3,8,0,B,208,434,87,132,47,130,624,188,117,22,18,68,8,234,405,86,107,44,155,545,246,133,32,28,55,13
