minutes,fga,fg3a,fta,fgm,fg3m,ftm,reb,oreb,dreb,ast,stl,blk,tov,pts,game_num,game_type,matchup_type,player_id
35.75775377464332,21.0,10,4.0,8,4,3,4.0,1,3.0,3.0,4.993065187239945,1.0,6.0,23,1,average,normal,LeBron James
18.709411095772495,16.0,6,4.0,7,2,2,4.0,1,3.0,3.0,1.0,0.0,3.0,18,2,average,tough,LeBron James
35.11593447837653,26.0,7,6.0,16,4,6,2.0,0,2.0,6.0,0.0,1.0,4.0,42,3,hot,normal,LeBron James
35.56668241917823,22.0,11,15.0,16,8,12,14.0,1,13.0,0.0,1.0,3.1811487481590577,7.0,52,4,average,normal,LeBron James
36.4337408892613,19.0,9,2.0,13,3,2,7.0,1,6.0,13.0,4.0,0.0,0.0,31,5,average,tough,LeBron James
33.22907267457944,32.054794520547944,6,7.0,21,1,7,4.0,1,3.0,2.0,1.0,1.0,1.0,50,6,hot,normal,LeBron James
31.8103838007292,14.0,5,4.0,9,4,4,12.0,2,10.0,13.0,1.0,0.0,2.0,26,7,average,tough,LeBron James
38.37232270658591,32.054794520547944,5,8.0,18,4,6,17.0,1,16.0,12.0,1.0,2.0,1.0,46,8,average,normal,LeBron James
34.0132748888458,14.0,7,8.0,8,1,6,16.0,1,15.0,12.0,0.0,0.0,7.0,23,9,cold,normal,LeBron James
35.57246887779599,32.054794520547944,5,2.0,19,1,2,17.0,1,16.0,4.0,4.993065187239945,0.0,6.0,41,10,average,normal,LeBron James
37.03555344769359,26.0,1,14.0,14,1,10,8.0,1,7.0,18.868965517241378,0.0,0.0,5.0,39,11,average,normal,LeBron James
35.78897654047425,26.0,8,12.0,15,4,12,14.0,1,13.0,12.0,4.0,0.0,5.0,46,12,hot,normal,LeBron James
34.673370449621764,15.0,7,0.0,13,2,0,5.0,0,5.0,7.0,3.0,0.0,4.0,28,13,hot,normal,LeBron James
42.587030442660634,21.0,4,4.0,14,4,3,0.0,0,0.0,6.0,1.0,1.0,0.0,35,14,average,normal,LeBron James
39.085929962808386,12.0,6,15.0,6,4,9,5.0,1,4.0,9.0,4.993065187239945,1.0,5.0,25,15,average,normal,LeBron James
40.97162859392059,18.0,9,12.0,8,5,9,15.0,2,13.0,4.0,2.0,0.0,1.0,30,16,average,normal,LeBron James
35.47590605997225,11.0,5,5.0,4,2,4,9.0,1,8.0,2.0,1.0,0.0,6.0,14,17,cold,normal,LeBron James
37.66053198355448,16.0,8,8.0,11,1,7,4.0,1,3.0,14.0,4.993065187239945,0.0,9.0,30,18,average,normal,LeBron James
36.45927511525662,14.0,7,2.0,5,1,0,22.023529411764706,3,19.023529411764706,7.0,4.993065187239945,3.1811487481590577,7.0,11,19,cold,normal,LeBron James
34.129164492586845,15.0,5,15.0,8,2,11,0.0,0,0.0,2.0,2.0,0.0,5.0,29,20,average,tough,LeBron James
34.87000117290762,20.0,5,0.0,11,2,0,13.0,2,11.0,4.0,1.0,1.0,1.0,24,21,passive,normal,LeBron James
39.514410931348856,24.0,4,4.0,14,4,1,22.0,2,20.0,1.0,1.0,2.0,8.0,33,22,average,normal,LeBron James
21.702160648415376,18.0,3,12.0,6,0,8,14.0,2,12.0,4.0,1.0,1.0,2.0,20,23,cold,normal,LeBron James
37.11451497937622,16.0,4,4.0,6,2,4,7.0,1,6.0,2.0,4.0,1.0,4.0,18,24,average,normal,LeBron James
34.13580246583286,14.0,7,5.0,8,2,5,0.0,0,0.0,9.0,4.993065187239945,1.0,3.0,23,25,average,normal,LeBron James
43.1964685859375,29.0,7,5.0,16,3,4,4.0,0,4.0,18.0,2.0,3.1811487481590577,2.0,39,26,hot,easy,LeBron James
37.76922925905823,9.0,4,8.0,6,3,5,22.023529411764706,5,17.023529411764706,6.0,1.0,2.0,4.0,20,27,passive,normal,LeBron James
28.863005468769302,9.0,4,4.0,3,1,2,6.0,1,5.0,0.0,0.0,0.0,8.0,9,28,cold,normal,LeBron James
35.63781089418328,29.0,7,2.0,19,1,1,11.0,1,10.0,1.0,2.0,2.0,3.0,40,29,hot,easy,LeBron James
32.20252254220223,16.0,8,2.0,8,5,1,7.0,1,6.0,13.0,1.0,0.0,3.0,22,30,average,normal,LeBron James
41.43147148151408,21.0,3,1.0,11,2,0,3.0,0,3.0,9.0,3.0,1.0,3.0,24,31,average,normal,LeBron James
42.882640758140504,25.0,9,12.0,11,2,7,17.0,1,16.0,3.0,1.0,0.0,9.74436090225564,31,32,average,normal,LeBron James
33.90740024215449,25.0,6,4.0,15,3,4,3.0,0,3.0,8.0,2.0,1.0,2.0,37,33,average,easy,LeBron James
35.28428780950262,28.0,6,4.0,14,3,3,0.0,0,0.0,2.0,1.0,3.1811487481590577,9.74436090225564,34,34,average,normal,LeBron James
38.475878254663236,27.0,11,6.0,16,4,3,3.0,0,3.0,1.0,0.0,3.0,4.0,39,35,hot,easy,LeBron James
31.607826315967426,30.0,5,5.0,18,3,4,14.0,2,12.0,2.0,2.0,1.0,3.0,43,36,average,normal,LeBron James
34.62648949392455,8.0,4,12.0,5,3,9,8.0,2,6.0,4.0,1.0,1.0,3.0,22,37,average,normal,LeBron James
35.06382925175223,12.0,4,4.0,4,3,3,14.0,1,13.0,8.0,0.0,0.0,1.0,14,38,average,normal,LeBron James
33.395795046584645,23.0,7,15.0,12,2,10,3.0,1,2.0,11.0,0.0,3.0,9.0,36,39,average,normal,LeBron James
33.12341735092334,32.0,10,5.0,17,8,3,10.0,2,8.0,10.0,0.0,2.0,5.0,45,40,hot,normal,LeBron James
40.20461062228156,27.0,8,0.0,13,0,0,2.0,0,2.0,2.0,1.0,0.0,1.0,26,41,average,tough,LeBron James
18.100661872768438,7.0,3,4.0,5,0,3,6.0,1,5.0,9.0,1.0,0.0,2.0,13,42,passive,normal,LeBron James
35.539452342436064,25.0,5,6.0,18,3,4,2.0,0,2.0,1.0,0.0,1.0,2.0,43,43,hot,easy,LeBron James
38.31494005346903,22.0,2,3.0,16,1,3,4.0,1,3.0,9.0,2.0,1.0,1.0,36,44,average,easy,LeBron James
32.75190988584911,19.0,5,5.0,11,4,3,2.0,0,2.0,10.0,1.0,1.0,3.0,29,45,average,tough,LeBron James
30.480727555813015,21.0,3,2.0,7,1,2,17.0,6,11.0,11.0,1.0,1.0,1.0,17,46,average,tough,LeBron James
39.292317184203945,17.0,8,6.0,6,2,6,1.0,0,1.0,18.0,4.993065187239945,0.0,6.0,20,47,hot,tough,LeBron James
21.461248135420117,15.0,5,0.0,10,2,0,4.0,0,4.0,1.0,1.0,0.0,3.0,22,48,average,normal,LeBron James
29.253011104621194,22.0,11,7.0,11,5,5,6.0,1,5.0,9.0,0.0,1.0,4.0,32,49,average,normal,LeBron James
36.71958228313648,28.0,6,6.0,17,2,5,7.0,1,6.0,7.0,0.0,0.0,0.0,41,50,average,tough,LeBron James
33.43109203859638,32.054794520547944,5,2.0,18,2,2,7.0,2,5.0,0.0,0.0,2.0,3.0,40,51,hot,easy,LeBron James
33.081600137026264,22.0,3,4.0,12,2,2,1.0,0,1.0,0.0,0.0,0.0,1.0,28,52,average,normal,LeBron James
32.65868276065437,14.0,4,4.0,3,2,4,9.0,1,8.0,3.0,1.0,0.0,8.0,12,53,cold,normal,LeBron James
29.894595378150473,19.0,5,10.0,14,0,7,9.0,2,7.0,6.0,0.0,0.0,3.0,35,54,average,normal,LeBron James
39.68079187283862,28.0,8,2.0,16,2,2,7.0,0,7.0,18.868965517241378,2.0,0.0,2.0,36,55,average,normal,LeBron James
35.998392887980984,23.0,4,3.0,10,0,3,4.0,0,4.0,18.868965517241378,3.0,0.0,5.0,23,56,average,tough,LeBron James
34.79181869713781,17.0,8,8.0,10,5,6,22.023529411764706,1,21.023529411764706,3.0,0.0,0.0,3.0,31,57,hot,tough,LeBron James
37.538436672186954,32.054794520547944,11,14.0,26,3,9,4.0,0,4.0,2.0,1.0,0.0,1.0,64,58,hot,easy,LeBron James
40.5718128608723,14.0,7,6.0,8,2,5,12.0,1,11.0,18.868965517241378,1.0,0.0,3.0,23,59,average,normal,LeBron James
37.3521704384766,30.0,9,3.0,15,2,2,6.0,1,5.0,15.0,2.0,1.0,9.74436090225564,34,60,average,normal,LeBron James
34.8938744749886,13.0,4,4.0,6,0,4,4.0,1,3.0,13.0,1.0,2.0,3.0,16,61,average,normal,LeBron James
35.05236073207594,24.0,4,12.0,12,0,7,5.0,1,4.0,9.0,0.0,0.0,4.0,31,62,hot,normal,LeBron James
30.024856325546533,13.0,6,6.0,7,1,4,0.0,0,0.0,18.868965517241378,2.0,0.0,9.74436090225564,19,63,average,tough,LeBron James
36.48917446846029,21.0,6,1.0,13,1,1,8.0,2,6.0,4.0,2.0,0.0,1.0,28,64,average,normal,LeBron James
33.843324390985565,14.0,7,6.0,11,2,5,22.023529411764706,6,16.023529411764706,3.0,4.993065187239945,1.0,5.0,29,65,hot,normal,LeBron James
38.79655948301431,28.0,7,0.0,20,4,0,16.0,3,13.0,7.0,2.0,1.0,1.0,44,66,average,easy,LeBron James
30.010812485066616,27.0,7,12.0,17,3,7,2.0,0,2.0,4.0,1.0,2.0,2.0,44,67,average,normal,LeBron James
35.209086252685985,17.0,8,10.0,7,2,8,17.0,2,15.0,13.0,1.0,1.0,1.0,24,68,passive,normal,LeBron James
34.79997040603297,32.0,5,15.0,27,3,9,2.0,0,2.0,6.0,1.0,1.0,1.0,66,69,hot,easy,LeBron James
31.912831296300688,22.0,11,6.0,15,2,3,7.0,1,6.0,6.0,0.0,0.0,1.0,35,70,average,normal,LeBron James
34.47769515401499,22.0,5,9.0,9,1,6,2.0,0,2.0,4.0,4.0,1.0,8.0,25,71,average,tough,LeBron James
33.610525182854076,22.0,3,15.0,16,1,9,4.0,1,3.0,5.0,1.0,0.0,4.0,42,72,average,easy,LeBron James
32.668641131342405,12.0,6,8.0,5,1,6,10.0,1,9.0,7.0,1.0,0.0,7.0,17,73,cold,normal,LeBron James
33.70968699202396,16.0,8,9.0,8,2,6,4.0,0,4.0,1.0,0.0,1.0,3.0,24,74,average,normal,LeBron James
35.6533137635675,17.0,8,1.0,4,3,1,6.0,1,5.0,6.0,1.0,1.0,4.0,12,75,average,tough,LeBron James
40.28641805610309,11.0,5,15.0,3,1,12,5.0,0,5.0,2.0,0.0,0.0,6.0,19,76,passive,normal,LeBron James
30.189388629668297,21.0,6,2.0,14,1,2,5.0,1,4.0,1.0,0.0,1.0,1.0,31,77,average,easy,LeBron James
30.127189537523876,12.0,6,7.0,3,3,6,7.0,1,6.0,1.0,1.0,3.0,8.0,15,78,average,tough,LeBron James
33.40501383632042,18.0,5,11.0,12,2,9,7.0,0,7.0,5.0,2.0,3.0,4.0,35,79,average,easy,LeBron James
32.687191145934364,18.0,9,15.0,7,0,10,18.0,2,16.0,18.868965517241378,0.0,2.0,6.0,24,80,cold,normal,LeBron James
37.66814709797488,31.0,6,2.0,17,3,1,9.0,1,8.0,8.0,0.0,3.1811487481590577,9.0,38,81,average,normal,LeBron James
35.35976324639361,18.0,9,2.0,9,5,2,6.0,1,5.0,15.0,0.0,0.0,3.0,25,82,average,normal,LeBron James
44.28641929497491,18.0,9,14.0,10,3,8,7.0,1,6.0,17.0,1.0,1.0,4.0,31,83,average,tough,LeBron James
39.59794683101006,31.0,7,12.0,18,0,9,8.0,2,6.0,5.0,4.993065187239945,0.0,6.0,45,84,average,easy,LeBron James
36.26994365803812,14.0,7,2.0,9,3,1,13.0,0,13.0,6.0,1.0,3.0,4.0,22,85,hot,normal,LeBron James
35.11928205681131,23.0,8,8.0,17,3,8,9.0,1,8.0,8.0,2.0,2.0,7.0,45,86,hot,normal,LeBron James
37.18246115515527,31.0,8,6.0,21,2,4,7.0,2,5.0,18.868965517241378,0.0,3.1811487481590577,2.0,48,87,hot,normal,LeBron James
37.22106502828468,31.0,7,2.0,18,0,1,5.0,1,4.0,3.0,1.0,0.0,3.0,37,88,hot,tough,LeBron James
38.349478620773176,26.0,9,2.0,12,5,2,2.0,1,1.0,18.868965517241378,0.0,1.0,4.0,31,89,average,normal,LeBron James
36.150583817387485,16.0,3,8.0,8,2,8,6.0,1,5.0,10.0,0.0,1.0,1.0,26,90,average,tough,LeBron James
43.164480175867396,20.0,8,2.0,7,2,1,22.023529411764706,5,17.023529411764706,10.0,2.0,0.0,1.0,17,91,average,tough,LeBron James
30.32167487237685,16.0,1,4.0,6,1,4,3.0,0,3.0,18.868965517241378,3.0,0.0,3.0,17,92,average,normal,LeBron James
38.10685886642182,28.0,2,7.0,19,1,5,9.0,1,8.0,18.868965517241378,4.993065187239945,1.0,7.0,44,93,passive,easy,LeBron James
33.54345479885108,11.0,5,4.0,6,0,4,7.0,1,6.0,5.0,2.0,3.0,4.0,16,94,average,normal,LeBron James
32.74169320108234,31.0,8,2.0,20,0,1,8.0,1,7.0,1.0,1.0,0.0,1.0,41,95,hot,tough,LeBron James
34.881606301977854,32.054794520547944,5,0.0,17,2,0,22.023529411764706,4,18.023529411764706,13.0,2.0,0.0,1.0,36,96,average,normal,LeBron James
24.50400467004465,15.0,7,4.0,7,0,1,1.0,0,1.0,9.0,1.0,0.0,2.0,15,97,passive,normal,LeBron James
24.502631731440474,13.0,2,2.0,6,2,2,12.0,2,10.0,2.0,3.0,0.0,3.0,16,98,average,normal,LeBron James
34.21905606441198,16.0,5,6.0,9,2,5,2.0,1,1.0,7.0,0.0,0.0,3.0,25,99,average,tough,LeBron James
41.04996942693122,32.054794520547944,9,4.0,10,1,2,12.0,3,9.0,7.0,0.0,0.0,2.0,23,100,cold,normal,LeBron James
36.694258331518064,30.0,5,15.0,16,2,12,5.0,1,4.0,8.0,4.993065187239945,0.0,9.74436090225564,46,101,hot,normal,LeBron James
36.97975815282265,21.0,8,12.0,12,3,10,22.023529411764706,5,17.023529411764706,7.0,3.0,1.0,2.0,37,102,cold,easy,LeBron James
25.075257730001915,22.0,4,1.0,5,1,0,3.0,1,2.0,5.0,1.0,1.0,0.0,11,103,passive,normal,LeBron James
38.39198791712036,19.0,9,6.0,13,5,3,7.0,1,6.0,17.0,4.993065187239945,0.0,8.0,34,104,passive,normal,LeBron James
35.62297903812094,17.0,5,3.0,7,3,2,3.0,1,2.0,1.0,1.0,1.0,5.0,19,105,average,easy,LeBron James
34.5414151723459,32.054794520547944,10,14.0,20,1,9,3.0,1,2.0,5.0,1.0,0.0,8.0,50,106,hot,normal,LeBron James
37.783929926789085,24.0,6,8.0,13,2,7,21.0,3,18.0,6.0,1.0,1.0,3.0,35,107,average,normal,LeBron James
32.16256907470014,12.0,6,10.0,4,0,7,4.0,1,3.0,3.0,1.0,0.0,1.0,15,108,cold,tough,LeBron James
37.98491686555868,32.0,10,4.0,20,6,3,3.0,1,2.0,2.0,4.993065187239945,0.0,3.0,49,109,average,tough,LeBron James
20.556067870988237,6.0,1,15.0,2,0,10,3.0,1,2.0,9.0,0.0,0.0,2.0,14,110,average,normal,LeBron James
29.93685410513797,8.0,4,0.0,5,2,0,8.0,2,6.0,6.0,0.0,0.0,1.0,12,111,hot,normal,LeBron James
29.70304762039592,9.0,4,8.0,4,2,6,7.0,2,5.0,2.0,1.0,0.0,9.0,16,112,average,tough,LeBron James
35.013180929615274,26.0,13,8.0,12,6,7,9.0,4,5.0,5.0,0.0,1.0,5.0,37,113,hot,normal,LeBron James
36.224808334776,23.0,8,4.0,15,4,2,7.0,2,5.0,1.0,1.0,0.0,0.0,36,114,average,normal,LeBron James
32.31621896041656,29.0,6,2.0,16,4,1,2.0,1,1.0,1.0,4.0,1.0,4.0,37,115,hot,normal,LeBron James
34.092470636589844,24.0,8,13.0,15,5,9,1.0,0,1.0,9.0,1.0,0.0,0.0,44,116,hot,easy,LeBron James
34.97022207246122,16.0,8,6.0,7,1,6,17.0,6,11.0,9.0,2.0,0.0,2.0,21,117,average,tough,LeBron James
38.658174307135674,26.0,10,4.0,15,3,2,14.0,1,13.0,6.0,0.0,0.0,2.0,35,118,average,normal,LeBron James
35.52738658039433,17.0,8,6.0,9,0,5,14.0,2,12.0,7.0,2.0,3.0,4.0,23,119,average,easy,LeBron James
35.2060368661657,32.054794520547944,9,4.0,20,4,3,1.0,0,1.0,4.0,4.993065187239945,0.0,0.0,47,120,hot,normal,LeBron James
32.09449933400194,13.0,6,5.0,5,2,3,20.0,7,13.0,6.0,0.0,0.0,1.0,15,121,average,normal,LeBron James
31.3995580893926,32.054794520547944,3,15.0,15,1,9,10.0,0,10.0,2.0,1.0,0.0,1.0,40,122,hot,easy,LeBron James
30.79337789812981,16.0,4,8.0,7,1,8,2.0,0,2.0,4.0,4.993065187239945,0.0,3.0,23,123,passive,tough,LeBron James
30.54230061981177,15.0,5,6.0,7,2,5,0.0,0,0.0,8.0,4.0,0.0,2.0,21,124,average,normal,LeBron James
40.7120835925891,25.0,10,4.0,11,3,4,13.0,1,12.0,4.0,0.0,0.0,9.0,29,125,average,tough,LeBron James
41.49030422644699,29.0,10,10.0,11,2,7,19.0,5,14.0,8.0,0.0,0.0,3.0,31,126,hot,tough,LeBron James
29.136720147243558,25.0,6,8.0,10,3,6,5.0,1,4.0,1.0,0.0,0.0,4.0,29,127,average,normal,LeBron James
40.75244872542953,26.0,13,15.0,12,5,10,1.0,0,1.0,7.0,0.0,2.0,3.0,39,128,average,normal,LeBron James
32.78881171930408,24.0,10,4.0,12,7,3,7.0,1,6.0,5.0,1.0,0.0,1.0,34,129,hot,normal,LeBron James
31.653231994390115,22.0,1,0.0,14,1,0,10.0,2,8.0,4.0,3.0,0.0,3.0,29,130,average,easy,LeBron James
33.53872693590873,20.0,7,14.0,11,4,11,2.0,1,1.0,2.0,2.0,0.0,3.0,37,131,average,normal,LeBron James
34.217322085832365,12.0,3,15.0,5,0,14,5.0,0,5.0,10.0,1.0,0.0,5.0,24,132,average,normal,LeBron James
32.66837921093334,20.0,4,4.0,5,1,4,1.0,0,1.0,0.0,0.0,0.0,6.0,15,133,average,normal,LeBron James
33.418446856134594,11.0,5,8.0,7,3,6,2.0,0,2.0,6.0,3.0,3.1811487481590577,2.0,23,134,hot,normal,LeBron James
41.068280184609655,32.054794520547944,10,8.0,16,3,6,8.0,1,7.0,11.0,0.0,1.0,9.74436090225564,41,135,cold,normal,LeBron James
37.02147016172044,32.054794520547944,15,8.0,21,8,8,6.0,0,6.0,16.0,1.0,2.0,2.0,58,136,hot,easy,LeBron James
35.375946058868216,17.0,7,8.0,8,2,6,3.0,0,3.0,14.0,0.0,2.0,4.0,24,137,average,normal,LeBron James
25.182024388003974,14.0,2,0.0,11,2,0,3.0,1,2.0,3.0,0.0,2.0,1.0,24,138,average,easy,LeBron James
32.03249819744497,32.054794520547944,11,15.0,21,2,8,22.023529411764706,3,19.023529411764706,8.0,3.0,3.0,3.0,52,139,hot,normal,LeBron James
35.94605709623919,28.0,5,0.0,18,1,0,10.0,4,6.0,5.0,2.0,0.0,2.0,37,140,average,normal,LeBron James
32.467230851499586,10.0,2,10.0,7,2,9,4.0,1,3.0,5.0,0.0,0.0,2.0,25,141,passive,normal,LeBron James
33.912988236541565,12.0,6,11.0,5,2,7,8.0,1,7.0,9.0,4.993065187239945,2.0,2.0,19,142,average,easy,LeBron James
35.703786075007685,10.0,5,2.0,3,2,2,14.0,2,12.0,10.0,2.0,0.0,3.0,10,143,average,normal,LeBron James
39.42451306695697,11.0,5,0.0,7,2,0,16.0,1,15.0,8.0,1.0,1.0,5.0,16,144,average,tough,LeBron James
35.670496399546494,24.0,9,0.0,11,6,0,9.0,2,7.0,18.868965517241378,1.0,0.0,5.0,28,145,passive,easy,LeBron James
22.729476941245967,11.0,5,10.0,5,2,5,5.0,1,4.0,4.0,1.0,0.0,2.0,17,146,cold,tough,LeBron James
35.19724799199818,19.0,6,4.0,11,2,2,8.0,2,6.0,7.0,0.0,2.0,2.0,26,147,cold,normal,LeBron James
34.424363387938236,20.0,9,4.0,16,4,4,0.0,0,0.0,6.0,0.0,0.0,2.0,40,148,average,easy,LeBron James
33.22657157538056,25.0,8,6.0,17,3,5,4.0,1,3.0,3.0,2.0,3.0,7.0,42,149,average,normal,LeBron James
30.845788065406534,28.0,4,4.0,20,3,2,3.0,0,3.0,18.868965517241378,3.0,1.0,1.0,45,150,hot,normal,LeBron James
31.913439018045487,14.0,4,0.0,6,1,0,8.0,1,7.0,7.0,3.0,2.0,3.0,13,151,passive,tough,LeBron James
31.32664670361945,11.0,2,0.0,4,2,0,11.0,3,8.0,3.0,1.0,2.0,5.0,10,152,average,normal,LeBron James
22.04318626776584,13.0,5,3.0,9,3,3,3.0,1,2.0,3.0,4.993065187239945,0.0,0.0,24,153,average,easy,LeBron James
20.209972391865843,14.0,3,4.0,5,1,2,7.0,3,4.0,3.0,0.0,0.0,3.0,13,154,cold,normal,LeBron James
36.01671304132375,20.0,6,8.0,14,2,8,7.0,1,6.0,12.0,1.0,0.0,5.0,38,155,hot,easy,LeBron James
36.41794089126584,32.054794520547944,6,12.0,14,2,8,10.0,3,7.0,17.0,0.0,2.0,4.0,38,156,average,normal,LeBron James
33.56212317880039,24.0,7,10.0,12,3,8,8.0,1,7.0,18.868965517241378,3.0,2.0,9.74436090225564,35,157,average,normal,LeBron James
28.77531954211091,18.0,8,15.0,7,1,10,14.0,5,9.0,2.0,0.0,2.0,2.0,25,158,average,normal,LeBron James
34.63898199773982,10.0,5,15.0,5,3,12,16.0,3,13.0,6.0,1.0,0.0,2.0,25,159,cold,normal,LeBron James
39.85362780054347,11.0,5,8.0,4,2,6,9.0,2,7.0,4.0,1.0,3.1811487481590577,9.74436090225564,16,160,cold,tough,LeBron James
37.400785024321856,10.0,5,4.0,6,0,4,8.0,1,7.0,5.0,1.0,0.0,1.0,16,161,passive,tough,LeBron James
40.03452331245273,15.0,7,8.0,9,4,7,9.0,1,8.0,10.0,2.0,0.0,3.0,29,162,average,tough,LeBron James
32.22303729303286,8.0,4,15.0,6,3,12,10.0,1,9.0,6.0,1.0,1.0,8.0,27,163,average,normal,LeBron James
20.444458523579765,11.0,3,4.0,5,0,3,2.0,0,2.0,8.0,0.0,2.0,3.0,13,164,average,easy,LeBron James
34.916119782215944,20.0,3,4.0,13,3,3,16.0,6,10.0,14.0,0.0,1.0,1.0,32,165,average,easy,LeBron James
37.769349508063705,20.0,5,5.0,8,3,5,5.0,1,4.0,1.0,2.0,2.0,9.74436090225564,24,166,average,normal,LeBron James
36.79366710061261,28.0,6,5.0,15,2,4,7.0,2,5.0,13.0,0.0,1.0,3.0,36,167,hot,tough,LeBron James
42.49419501904014,32.054794520547944,6,6.0,13,4,5,10.0,1,9.0,18.868965517241378,1.0,1.0,9.74436090225564,35,168,average,normal,LeBron James
38.956247812176656,32.0,5,8.0,12,1,5,12.0,3,9.0,16.0,3.0,1.0,4.0,30,169,average,normal,LeBron James
37.56670258948321,14.0,6,8.0,7,3,4,11.0,0,11.0,11.0,2.0,2.0,1.0,21,170,average,easy,LeBron James
40.31137510831706,20.0,9,15.0,7,7,8,5.0,0,5.0,18.868965517241378,0.0,1.0,6.0,29,171,passive,easy,LeBron James
33.0393539553839,24.0,6,2.0,16,2,0,22.023529411764706,3,19.023529411764706,13.0,0.0,0.0,2.0,34,172,average,normal,LeBron James
33.524410533595805,32.054794520547944,5,10.0,25,2,6,5.0,1,4.0,4.0,1.0,1.0,2.0,58,173,average,easy,LeBron James
32.078239644456865,15.0,4,0.0,8,3,0,12.0,0,12.0,17.0,0.0,1.0,5.0,19,174,average,easy,LeBron James
40.09657609458682,32.054794520547944,7,15.0,18,1,10,4.0,1,3.0,5.0,1.0,0.0,1.0,47,175,hot,easy,LeBron James
30.81184165669437,18.0,8,1.0,5,5,0,7.0,1,6.0,4.0,2.0,0.0,6.0,15,176,cold,normal,LeBron James
38.03809815975499,22.0,4,6.0,11,2,3,10.0,3,7.0,16.0,0.0,1.0,6.0,27,177,average,normal,LeBron James
33.43971307047088,23.0,4,8.0,10,2,4,7.0,2,5.0,11.0,0.0,1.0,3.0,26,178,average,easy,LeBron James
36.104623884960525,21.0,5,1.0,13,1,1,8.0,0,8.0,2.0,2.0,0.0,2.0,28,179,average,normal,LeBron James
32.95802377514035,25.0,6,4.0,11,1,1,2.0,0,2.0,2.0,0.0,0.0,9.74436090225564,24,180,average,easy,LeBron James
39.715706450744385,19.0,5,4.0,6,3,2,13.0,3,10.0,18.868965517241378,1.0,0.0,4.0,17,181,average,tough,LeBron James
19.37048140825847,20.0,4,0.0,14,2,0,14.0,4,10.0,9.0,1.0,0.0,1.0,30,182,hot,normal,LeBron James
40.428705645736336,32.054794520547944,8,8.0,22,6,3,21.0,1,20.0,3.0,1.0,1.0,4.0,53,183,hot,normal,LeBron James
32.31151087861877,19.0,2,3.0,11,1,3,7.0,2,5.0,5.0,0.0,1.0,4.0,26,184,average,normal,LeBron James
32.861154150828824,10.0,5,15.0,5,2,11,12.0,0,12.0,5.0,1.0,0.0,2.0,23,185,cold,easy,LeBron James
30.295692870233953,32.054794520547944,8,12.0,26,2,8,10.0,4,6.0,2.0,4.993065187239945,0.0,4.0,62,186,hot,easy,LeBron James
32.22356016404163,15.0,0,2.0,9,0,2,3.0,0,3.0,6.0,1.0,2.0,8.0,20,187,passive,easy,LeBron James
34.50917776902014,18.0,9,10.0,12,4,6,22.023529411764706,4,18.023529411764706,4.0,2.0,1.0,3.0,34,188,average,normal,LeBron James
41.81785343560457,32.0,10,14.0,16,2,10,4.0,1,3.0,18.868965517241378,0.0,0.0,9.74436090225564,44,189,average,normal,LeBron James
34.18677292700867,24.0,10,4.0,13,2,3,8.0,2,6.0,4.0,2.0,2.0,4.0,31,190,average,normal,LeBron James
34.65258500335572,17.0,5,8.0,8,3,7,7.0,1,6.0,7.0,0.0,0.0,3.0,26,191,average,tough,LeBron James
37.41704419551822,29.0,8,6.0,10,6,3,17.0,2,15.0,18.0,0.0,1.0,9.74436090225564,29,192,hot,normal,LeBron James
36.26577089871598,22.0,3,4.0,10,2,4,7.0,2,5.0,2.0,0.0,1.0,7.0,26,193,cold,normal,LeBron James
36.81580724916466,24.0,6,0.0,18,0,0,9.0,2,7.0,11.0,0.0,0.0,3.0,36,194,average,normal,LeBron James
31.814485173573424,12.0,6,4.0,4,3,3,1.0,0,1.0,8.0,0.0,0.0,5.0,14,195,average,easy,LeBron James
37.53665643992986,32.0,5,4.0,10,1,1,6.0,2,4.0,3.0,2.0,1.0,3.0,22,196,average,normal,LeBron James
32.16719956706076,27.0,3,4.0,13,0,3,6.0,1,5.0,9.0,4.0,3.0,8.0,29,197,average,normal,LeBron James
42.047930971905075,26.0,8,4.0,12,3,4,11.0,1,10.0,7.0,1.0,2.0,1.0,31,198,average,tough,LeBron James
35.435519195212635,25.0,6,0.0,15,3,0,8.0,0,8.0,13.0,2.0,0.0,9.0,33,199,passive,normal,LeBron James
39.46249407597695,32.054794520547944,9,2.0,16,1,1,4.0,1,3.0,18.868965517241378,3.0,1.0,2.0,34,200,passive,normal,LeBron James
44.08468373063929,32.054794520547944,11,4.0,11,2,3,12.0,1,11.0,18.868965517241378,4.0,0.0,0.0,27,201,average,tough,LeBron James
35.76326914763989,19.0,9,3.0,8,0,2,5.0,2,3.0,11.0,4.993065187239945,0.0,0.0,18,202,passive,normal,LeBron James
31.476447610700802,12.0,6,12.0,5,3,11,8.0,2,6.0,9.0,1.0,0.0,4.0,24,203,hot,tough,LeBron James
39.944359774512364,15.0,7,2.0,6,0,1,19.0,2,17.0,12.0,0.0,1.0,3.0,13,204,average,normal,LeBron James
30.859564767882798,23.0,4,6.0,13,1,4,4.0,1,3.0,9.0,4.993065187239945,0.0,6.0,31,205,average,normal,LeBron James
31.704421181819804,32.054794520547944,12,7.0,22,3,7,22.023529411764706,4,18.023529411764706,1.0,2.0,2.0,4.0,54,206,hot,normal,LeBron James
31.08196595712195,10.0,5,13.0,7,1,12,1.0,0,1.0,0.0,0.0,1.0,4.0,27,207,average,normal,LeBron James
36.94350516353058,19.0,9,15.0,14,2,13,9.0,1,8.0,4.0,1.0,3.0,2.0,43,208,hot,normal,LeBron James
39.88168445565759,30.0,9,15.0,21,1,12,5.0,0,5.0,7.0,0.0,1.0,7.0,55,209,hot,easy,LeBron James
30.200756279889987,9.0,4,0.0,5,1,0,15.0,3,12.0,5.0,0.0,0.0,7.0,11,210,average,normal,LeBron James
34.969205048270396,32.054794520547944,7,2.0,20,1,1,11.0,0,11.0,5.0,4.0,0.0,7.0,42,211,average,easy,LeBron James
37.34223215226928,26.0,7,0.0,16,2,0,0.0,0,0.0,3.0,1.0,2.0,3.0,34,212,average,normal,LeBron James
35.65724725193332,15.0,4,4.0,9,2,3,2.0,0,2.0,4.0,1.0,2.0,7.0,23,213,average,normal,LeBron James
34.18546860970848,32.0,8,15.0,18,5,12,4.0,1,3.0,13.0,1.0,0.0,7.0,53,214,hot,normal,LeBron James
34.484374652857504,32.054794520547944,5,15.0,16,3,14,5.0,1,4.0,17.0,0.0,3.0,1.0,49,215,passive,easy,LeBron James
29.881863991524998,28.0,8,0.0,13,2,0,11.0,2,9.0,7.0,0.0,0.0,1.0,28,216,average,normal,LeBron James
34.27320558935871,20.0,6,2.0,13,1,2,5.0,1,4.0,8.0,3.0,0.0,1.0,29,217,average,easy,LeBron James
34.61928699750067,18.0,3,2.0,6,1,0,2.0,0,2.0,5.0,1.0,0.0,3.0,13,218,average,normal,LeBron James
37.90408811019844,27.0,10,2.0,12,4,2,6.0,1,5.0,1.0,0.0,3.0,2.0,30,219,average,normal,LeBron James
34.37699258037646,20.0,10,0.0,13,4,0,1.0,0,1.0,10.0,2.0,0.0,9.0,30,220,average,normal,LeBron James
35.8044739173271,14.0,3,11.0,7,1,10,10.0,2,8.0,18.868965517241378,2.0,3.0,2.0,25,221,average,normal,LeBron James
40.960526933709865,22.0,8,6.0,14,3,5,6.0,1,5.0,4.0,1.0,2.0,6.0,36,222,average,easy,LeBron James
34.87882364724983,24.0,5,14.0,14,0,10,21.0,4,17.0,7.0,4.993065187239945,0.0,4.0,38,223,hot,normal,LeBron James
34.338048431407636,18.0,7,6.0,13,3,4,12.0,1,11.0,18.868965517241378,2.0,0.0,2.0,33,224,passive,easy,LeBron James
37.92487076708295,22.0,9,15.0,8,4,9,9.0,2,7.0,5.0,2.0,1.0,8.0,29,225,average,normal,LeBron James
38.7852405462967,32.054794520547944,12,8.0,23,5,6,8.0,0,8.0,3.0,0.0,0.0,4.0,57,226,hot,normal,LeBron James
35.38163323329767,16.0,8,8.0,8,4,7,7.0,1,6.0,3.0,2.0,3.1811487481590577,3.0,27,227,passive,easy,LeBron James
32.19253841918482,28.0,7,4.0,18,0,4,3.0,1,2.0,3.0,1.0,0.0,9.0,40,228,average,easy,LeBron James
35.41026598325304,17.0,6,0.0,10,3,0,4.0,2,2.0,7.0,2.0,0.0,1.0,23,229,average,tough,LeBron James
40.309897446077684,12.0,1,8.0,5,1,6,16.0,5,11.0,5.0,0.0,0.0,9.74436090225564,17,230,passive,tough,LeBron James
37.898866477921544,13.0,3,15.0,7,2,13,2.0,0,2.0,18.0,1.0,2.0,7.0,29,231,average,tough,LeBron James
31.23915502061064,11.0,5,0.0,6,2,0,4.0,1,3.0,2.0,1.0,1.0,2.0,14,232,passive,normal,LeBron James
38.01256584342308,31.0,9,4.0,21,4,2,14.0,3,11.0,1.0,0.0,0.0,3.0,48,233,hot,normal,LeBron James
35.43684917995013,19.0,6,12.0,9,3,9,7.0,0,7.0,4.0,1.0,0.0,0.0,30,234,average,normal,LeBron James
32.260109656507616,15.0,3,15.0,6,2,9,19.0,5,14.0,4.0,0.0,0.0,2.0,23,235,passive,easy,LeBron James
36.295936617063795,19.0,3,10.0,11,0,6,2.0,0,2.0,3.0,1.0,1.0,2.0,28,236,average,normal,LeBron James
23.30191094701159,10.0,2,8.0,5,2,7,2.0,0,2.0,6.0,1.0,2.0,1.0,19,237,average,normal,LeBron James
33.396817953606266,24.0,4,8.0,14,2,8,11.0,1,10.0,1.0,1.0,3.0,8.0,38,238,average,normal,LeBron James
38.466434666804574,30.0,12,10.0,13,3,9,4.0,1,3.0,5.0,1.0,2.0,1.0,38,239,average,tough,LeBron James
37.679173515255286,23.0,8,3.0,8,3,1,15.0,2,13.0,7.0,1.0,0.0,0.0,20,240,passive,tough,LeBron James
32.15814238872159,6.0,3,0.0,2,2,0,7.0,2,5.0,18.868965517241378,2.0,2.0,7.0,6,241,average,normal,LeBron James
39.89882290807216,32.054794520547944,14,10.0,20,7,5,9.0,2,7.0,9.0,1.0,2.0,7.0,52,242,hot,easy,LeBron James
38.35451937043793,20.0,5,0.0,9,2,0,3.0,1,2.0,4.0,0.0,0.0,5.0,20,243,average,normal,LeBron James
37.55402523928364,14.0,6,2.0,12,4,1,3.0,0,3.0,14.0,0.0,1.0,3.0,29,244,hot,normal,LeBron James
33.99312607577599,22.0,8,6.0,6,3,3,9.0,1,8.0,17.0,3.0,2.0,2.0,18,245,average,tough,LeBron James
36.9192293519412,6.0,3,0.0,3,2,0,8.0,3,5.0,6.0,1.0,0.0,5.0,8,246,average,tough,LeBron James
33.01381728713853,20.0,4,2.0,12,2,1,13.0,3,10.0,2.0,4.993065187239945,0.0,6.0,27,247,average,tough,LeBron James
38.21990767241179,29.0,8,5.0,18,5,5,0.0,0,0.0,2.0,0.0,1.0,9.74436090225564,46,248,hot,easy,LeBron James
28.99514672950231,12.0,6,4.0,7,2,2,5.0,2,3.0,8.0,0.0,0.0,2.0,18,249,average,normal,LeBron James
28.922819063089715,24.0,8,0.0,8,1,0,6.0,2,4.0,12.0,0.0,1.0,2.0,17,250,average,easy,LeBron James
34.02718302691,17.0,8,0.0,7,0,0,12.0,3,9.0,11.0,3.0,1.0,3.0,14,251,cold,normal,LeBron James
34.362702117311905,27.0,8,7.0,10,3,6,14.0,1,13.0,6.0,0.0,0.0,6.0,29,252,average,normal,LeBron James
36.68593944182863,10.0,5,4.0,5,1,4,4.0,1,3.0,2.0,4.993065187239945,0.0,5.0,15,253,average,easy,LeBron James
38.91204686769161,21.0,10,0.0,7,5,0,12.0,1,11.0,13.0,0.0,1.0,3.0,19,254,passive,normal,LeBron James
34.187430816195544,9.0,4,0.0,2,2,0,1.0,0,1.0,8.0,0.0,0.0,3.0,6,255,passive,normal,LeBron James
34.11642754649781,26.0,8,15.0,14,5,10,7.0,2,5.0,14.0,2.0,0.0,4.0,43,256,average,normal,LeBron James
37.531959688733295,27.0,8,6.0,14,2,6,17.0,3,14.0,0.0,4.0,1.0,5.0,36,257,average,easy,LeBron James
34.599630667645556,12.0,4,4.0,2,2,3,7.0,1,6.0,4.0,1.0,1.0,1.0,9,258,cold,easy,LeBron James
38.004846826658984,18.0,3,0.0,5,0,0,6.0,1,5.0,18.0,1.0,0.0,7.0,10,259,passive,normal,LeBron James
37.69822158742995,17.0,7,0.0,9,3,0,14.0,3,11.0,6.0,1.0,0.0,0.0,21,260,average,normal,LeBron James
38.29006782979585,6.0,3,2.0,1,1,0,4.0,1,3.0,17.0,0.0,1.0,5.0,3,261,cold,tough,LeBron James
37.02376223842337,17.0,8,4.0,10,5,3,8.0,2,6.0,1.0,0.0,0.0,7.0,28,262,average,tough,LeBron James
39.57359451651083,10.0,5,4.0,5,0,1,6.0,0,6.0,4.0,0.0,1.0,3.0,11,263,average,tough,LeBron James
35.542879618543594,18.0,6,0.0,12,2,0,6.0,2,4.0,6.0,1.0,2.0,1.0,26,264,hot,tough,LeBron James
39.370525443775065,22.0,7,6.0,12,3,4,22.023529411764706,4,18.023529411764706,5.0,2.0,0.0,4.0,31,265,average,normal,LeBron James
22.27079759381629,13.0,3,4.0,7,1,3,5.0,1,4.0,4.0,0.0,0.0,1.0,18,266,average,normal,LeBron James
37.15930921653946,28.0,8,11.0,16,6,7,0.0,0,0.0,18.868965517241378,0.0,0.0,9.74436090225564,45,267,hot,normal,LeBron James
32.6665443698105,23.0,2,2.0,10,2,2,14.0,0,14.0,18.868965517241378,2.0,3.0,7.0,24,268,average,normal,LeBron James
27.921704594796278,32.054794520547944,5,4.0,12,0,3,15.0,3,12.0,2.0,0.0,2.0,1.0,27,269,average,normal,LeBron James
35.96087722062786,13.0,3,15.0,7,2,7,3.0,0,3.0,9.0,0.0,0.0,0.0,23,270,hot,normal,LeBron James
34.226739430263386,13.0,6,6.0,8,3,5,8.0,3,5.0,8.0,0.0,0.0,5.0,24,271,cold,easy,LeBron James
36.06393929087298,25.0,7,14.0,11,4,7,8.0,0,8.0,5.0,3.0,0.0,6.0,33,272,average,normal,LeBron James
40.8010137863538,23.0,11,12.0,10,5,6,6.0,2,4.0,4.0,0.0,2.0,5.0,31,273,cold,normal,LeBron James
39.7471875630311,25.0,4,4.0,13,2,3,16.0,1,15.0,14.0,3.0,2.0,2.0,31,274,average,normal,LeBron James
34.313825508725756,24.0,3,15.0,15,2,7,20.0,4,16.0,7.0,3.0,0.0,4.0,39,275,cold,easy,LeBron James
42.24483826659464,24.0,7,12.0,8,5,10,3.0,0,3.0,2.0,1.0,0.0,4.0,31,276,average,easy,LeBron James
34.00330123727962,11.0,3,4.0,6,2,3,16.0,0,16.0,18.868965517241378,3.0,1.0,4.0,17,277,average,normal,LeBron James
39.0915151217663,14.0,4,0.0,3,3,0,5.0,1,4.0,8.0,0.0,1.0,3.0,9,278,cold,normal,LeBron James
39.178799423335505,17.0,5,12.0,11,1,12,9.0,2,7.0,4.0,3.0,0.0,1.0,35,279,average,normal,LeBron James
32.08081479153726,13.0,5,8.0,5,3,5,4.0,1,3.0,5.0,0.0,0.0,9.0,18,280,average,normal,LeBron James
29.925640458132385,14.0,7,0.0,6,3,0,3.0,0,3.0,6.0,1.0,0.0,3.0,15,281,hot,normal,LeBron James
34.35010761335172,17.0,8,1.0,8,4,1,22.023529411764706,5,17.023529411764706,5.0,1.0,0.0,2.0,21,282,average,normal,LeBron James
35.0927599366408,26.0,6,10.0,15,2,5,3.0,0,3.0,2.0,1.0,0.0,7.0,37,283,average,easy,LeBron James
28.239483945986894,17.0,5,0.0,8,2,0,5.0,0,5.0,11.0,2.0,1.0,2.0,18,284,average,normal,LeBron James
36.699113960656504,11.0,5,6.0,6,2,6,3.0,0,3.0,18.868965517241378,0.0,3.1811487481590577,6.0,20,285,passive,normal,LeBron James
36.20858002638618,8.0,4,10.0,7,1,6,9.0,1,8.0,7.0,1.0,0.0,3.0,21,286,average,easy,LeBron James
29.112225200971544,16.0,8,11.0,10,3,10,1.0,0,1.0,13.0,0.0,0.0,4.0,33,287,average,normal,LeBron James
37.110753908360046,22.0,5,15.0,15,1,12,9.0,0,9.0,11.0,4.993065187239945,2.0,9.74436090225564,43,288,average,normal,LeBron James
31.669477950750196,17.0,8,15.0,7,5,9,2.0,0,2.0,8.0,0.0,0.0,0.0,28,289,average,tough,LeBron James
33.668340936209674,22.0,11,8.0,16,6,7,6.0,1,5.0,2.0,2.0,0.0,6.0,45,290,hot,normal,LeBron James
31.84279137296011,18.0,4,15.0,7,3,11,7.0,1,6.0,8.0,0.0,0.0,5.0,28,291,passive,normal,LeBron James
36.9818016426703,32.054794520547944,6,14.0,15,2,13,14.0,0,14.0,18.868965517241378,0.0,0.0,6.0,45,292,hot,normal,LeBron James
37.246668907385,18.0,4,3.0,4,2,1,3.0,1,2.0,3.0,0.0,0.0,3.0,11,293,average,tough,LeBron James
34.83525358802615,19.0,9,4.0,8,3,3,7.0,1,6.0,18.868965517241378,1.0,3.1811487481590577,2.0,22,294,passive,tough,LeBron James
36.29937527519768,14.0,5,0.0,6,0,0,3.0,0,3.0,3.0,1.0,0.0,8.0,12,295,average,normal,LeBron James
34.731892964828674,31.0,9,2.0,14,3,1,7.0,2,5.0,18.868965517241378,3.0,1.0,6.0,32,296,passive,normal,LeBron James
35.9839329447033,14.0,4,10.0,7,0,7,5.0,0,5.0,18.0,1.0,0.0,2.0,21,297,average,tough,LeBron James
37.2420442111483,32.054794520547944,5,12.0,20,2,9,3.0,0,3.0,18.868965517241378,1.0,2.0,9.74436090225564,51,298,average,easy,LeBron James
33.961578846680645,9.0,4,4.0,4,1,3,12.0,2,10.0,2.0,0.0,1.0,5.0,12,299,average,normal,LeBron James
32.28522314714978,17.0,2,10.0,10,2,7,7.0,1,6.0,7.0,1.0,0.0,3.0,29,300,average,normal,LeBron James
29.527124957061467,32.054794520547944,10,12.0,15,4,10,3.0,1,2.0,6.0,3.0,3.0,2.0,44,301,average,normal,LeBron James
34.848089191993964,19.0,9,10.0,11,4,6,1.0,0,1.0,8.0,3.0,1.0,4.0,32,302,average,normal,LeBron James
37.31167442617234,32.054794520547944,11,15.0,17,4,11,9.0,0,9.0,6.0,4.993065187239945,0.0,1.0,49,303,hot,normal,LeBron James
34.5403908960829,14.0,4,0.0,6,2,0,7.0,2,5.0,12.0,0.0,0.0,9.74436090225564,14,304,average,tough,LeBron James
35.85409567835164,11.0,3,7.0,4,3,5,0.0,0,0.0,1.0,1.0,2.0,7.0,16,305,average,normal,LeBron James
33.134262172483176,18.0,7,14.0,9,5,9,5.0,1,4.0,4.0,3.0,0.0,1.0,32,306,average,normal,LeBron James
24.190811205563943,18.0,5,0.0,7,2,0,15.0,1,14.0,3.0,0.0,2.0,0.0,16,307,average,easy,LeBron James
29.851398230173267,21.0,8,4.0,10,3,2,2.0,0,2.0,11.0,0.0,0.0,2.0,25,308,cold,normal,LeBron James
36.8468624074226,19.0,6,14.0,7,1,10,3.0,0,3.0,4.0,2.0,3.1811487481590577,4.0,25,309,average,tough,LeBron James
35.11180859066842,22.0,8,4.0,14,3,4,6.0,1,5.0,10.0,1.0,0.0,1.0,35,310,average,easy,LeBron James
36.20504984305808,18.0,9,7.0,8,5,5,22.0,4,18.0,8.0,0.0,1.0,3.0,26,311,cold,tough,LeBron James
36.84272218581201,22.0,9,10.0,11,5,5,11.0,0,11.0,15.0,0.0,0.0,9.74436090225564,32,312,average,easy,LeBron James
20.169244015895124,9.0,4,2.0,5,2,1,0.0,0,0.0,2.0,0.0,0.0,9.0,13,313,hot,easy,LeBron James
32.099336977720235,27.0,5,8.0,16,2,5,2.0,1,1.0,11.0,3.0,0.0,3.0,39,314,average,normal,LeBron James
37.03668414982918,20.0,8,0.0,10,1,0,16.0,1,15.0,10.0,2.0,0.0,2.0,21,315,average,normal,LeBron James
34.68389214313088,24.0,7,3.0,11,3,2,16.0,7,9.0,0.0,4.993065187239945,0.0,5.0,27,316,hot,normal,LeBron James
35.474121630200536,14.0,5,4.0,5,1,3,22.023529411764706,6,16.023529411764706,9.0,1.0,1.0,0.0,14,317,cold,normal,LeBron James
31.34042058278251,15.0,4,3.0,8,1,1,0.0,0,0.0,5.0,0.0,1.0,7.0,18,318,average,tough,LeBron James
31.052411554312005,25.0,8,2.0,15,3,1,3.0,0,3.0,12.0,0.0,0.0,3.0,34,319,hot,normal,LeBron James
33.26215103235093,21.0,4,2.0,12,1,1,22.023529411764706,3,19.023529411764706,4.0,1.0,2.0,2.0,26,320,average,tough,LeBron James
36.67101747623841,22.0,6,4.0,11,2,3,7.0,2,5.0,16.0,3.0,0.0,7.0,27,321,average,normal,LeBron James
38.37700201611161,24.0,1,5.0,9,1,5,2.0,0,2.0,10.0,1.0,0.0,3.0,24,322,average,normal,LeBron James
37.5043863050172,14.0,7,15.0,8,2,14,4.0,0,4.0,18.868965517241378,0.0,1.0,1.0,32,323,passive,easy,LeBron James
32.332611811228475,32.054794520547944,6,6.0,18,3,5,3.0,0,3.0,5.0,0.0,2.0,1.0,44,324,hot,easy,LeBron James
33.31012954497777,13.0,6,2.0,2,0,1,5.0,0,5.0,16.0,0.0,1.0,5.0,5,325,average,tough,LeBron James
34.961515926375434,21.0,10,8.0,18,4,4,11.0,1,10.0,16.0,0.0,0.0,6.0,44,326,hot,easy,LeBron James
32.50867025146629,25.0,4,6.0,18,2,3,4.0,0,4.0,13.0,1.0,0.0,2.0,41,327,average,easy,LeBron James
38.50958413344374,25.0,10,0.0,11,2,0,17.0,4,13.0,2.0,0.0,1.0,4.0,24,328,average,normal,LeBron James
35.916030026490496,15.0,3,1.0,8,0,1,17.0,3,14.0,4.0,0.0,0.0,8.0,17,329,passive,normal,LeBron James
33.48396530636779,11.0,5,6.0,6,0,3,4.0,0,4.0,5.0,3.0,1.0,0.0,15,330,cold,normal,LeBron James
35.220459584995595,32.054794520547944,11,15.0,15,6,5,3.0,1,2.0,15.0,1.0,0.0,9.74436090225564,41,331,hot,normal,LeBron James
35.60262002729808,24.0,4,6.0,10,1,5,2.0,0,2.0,5.0,4.0,0.0,4.0,26,332,average,normal,LeBron James
35.171037707579394,29.0,5,4.0,17,2,3,4.0,1,3.0,10.0,4.0,3.0,6.0,39,333,passive,normal,LeBron James
34.0406803138836,26.0,1,4.0,16,0,1,3.0,0,3.0,1.0,4.0,1.0,4.0,33,334,hot,normal,LeBron James
36.53567788147028,24.0,10,15.0,14,7,12,6.0,1,5.0,18.868965517241378,2.0,2.0,5.0,47,335,average,easy,LeBron James
38.676950329620716,32.0,8,9.0,20,4,8,17.0,1,16.0,18.0,1.0,0.0,3.0,52,336,hot,normal,LeBron James
34.44221010130084,20.0,5,5.0,15,5,4,2.0,0,2.0,2.0,2.0,0.0,0.0,39,337,average,easy,LeBron James
34.92365668115251,32.0,6,4.0,18,2,3,7.0,1,6.0,18.868965517241378,0.0,0.0,1.0,41,338,passive,easy,LeBron James
30.608152339741306,22.0,9,8.0,12,4,6,8.0,1,7.0,4.0,0.0,0.0,2.0,34,339,hot,normal,LeBron James
36.49196769427012,21.0,6,4.0,11,2,3,8.0,2,6.0,14.0,2.0,0.0,4.0,27,340,cold,normal,LeBron James
37.09987522999504,23.0,11,0.0,11,2,0,1.0,0,1.0,8.0,4.0,0.0,4.0,24,341,average,tough,LeBron James
38.96777207308507,26.0,3,0.0,13,2,0,6.0,0,6.0,6.0,0.0,1.0,6.0,28,342,average,normal,LeBron James
36.50896893954782,13.0,5,1.0,10,0,0,22.023529411764706,2,20.023529411764706,14.0,0.0,1.0,2.0,20,343,average,normal,LeBron James
31.55874625380123,20.0,8,8.0,15,4,5,7.0,0,7.0,5.0,0.0,0.0,4.0,39,344,hot,normal,LeBron James
32.063131079853434,17.0,8,15.0,10,1,11,8.0,1,7.0,5.0,1.0,0.0,7.0,32,345,hot,tough,LeBron James
33.23615309844001,24.0,2,6.0,16,1,5,3.0,1,2.0,9.0,1.0,0.0,5.0,38,346,average,easy,LeBron James
33.75386380754493,25.0,12,6.0,22,4,6,1.0,1,0.0,7.0,3.0,0.0,5.0,54,347,hot,normal,LeBron James
33.54580719336649,10.0,5,8.0,7,1,4,14.0,4,10.0,4.0,3.0,0.0,5.0,19,348,passive,normal,LeBron James
32.74444600094406,25.0,12,0.0,8,6,0,6.0,1,5.0,9.0,0.0,3.0,4.0,22,349,cold,easy,LeBron James
36.45498028454895,18.0,9,8.0,14,3,5,10.0,1,9.0,18.868965517241378,4.0,1.0,6.0,36,350,average,tough,LeBron James
32.320270477410425,19.0,7,6.0,14,4,2,8.0,1,7.0,17.0,0.0,1.0,3.0,34,351,hot,normal,LeBron James
32.17100866580392,15.0,7,0.0,10,3,0,20.0,4,16.0,2.0,0.0,2.0,0.0,23,352,average,normal,LeBron James
22.35202267083638,17.0,2,2.0,7,1,2,7.0,3,4.0,6.0,0.0,0.0,3.0,17,353,passive,normal,LeBron James
30.433933465858537,15.0,4,8.0,12,1,6,5.0,0,5.0,18.0,2.0,0.0,4.0,31,354,hot,normal,LeBron James
32.70151388968585,8.0,3,0.0,5,1,0,13.0,1,12.0,9.0,1.0,0.0,4.0,11,355,average,normal,LeBron James
31.504546276705664,23.0,4,0.0,9,0,0,7.0,0,7.0,2.0,0.0,0.0,1.0,18,356,average,normal,LeBron James
38.01697298383209,22.0,6,12.0,9,1,9,17.0,2,15.0,9.0,4.993065187239945,0.0,3.0,28,357,average,normal,LeBron James
32.347997864371955,18.0,5,2.0,10,4,1,7.0,1,6.0,6.0,0.0,0.0,1.0,25,358,average,easy,LeBron James
34.758233683683,14.0,5,4.0,7,1,4,15.0,2,13.0,10.0,2.0,2.0,5.0,19,359,average,normal,LeBron James
32.48578820085708,30.0,3,0.0,13,1,0,12.0,0,12.0,12.0,4.0,2.0,2.0,27,360,average,easy,LeBron James
37.52583099919814,15.0,7,15.0,5,1,13,5.0,1,4.0,11.0,0.0,1.0,4.0,24,361,average,normal,LeBron James
34.31093907073092,14.0,5,6.0,9,2,5,8.0,1,7.0,4.0,0.0,1.0,8.0,25,362,average,normal,LeBron James
33.38789780897278,29.0,8,4.0,16,2,2,2.0,0,2.0,8.0,0.0,0.0,4.0,36,363,average,tough,LeBron James
32.10362289407623,17.0,4,2.0,11,2,2,3.0,0,3.0,9.0,0.0,1.0,6.0,26,364,average,normal,LeBron James
33.925129337580046,27.0,7,8.0,16,3,5,8.0,0,8.0,1.0,1.0,0.0,7.0,40,365,average,normal,LeBron James
40.14577446031139,21.0,9,8.0,13,3,6,9.0,2,7.0,8.0,4.0,0.0,4.0,35,366,hot,tough,LeBron James
39.65112127805113,15.0,4,2.0,5,2,2,3.0,0,3.0,14.0,0.0,1.0,8.0,14,367,average,easy,LeBron James
34.76923003945114,12.0,3,10.0,5,1,8,14.0,1,13.0,12.0,4.993065187239945,3.0,3.0,19,368,average,tough,LeBron James
34.45006281429494,15.0,4,2.0,10,1,2,3.0,0,3.0,13.0,2.0,0.0,4.0,23,369,cold,normal,LeBron James
36.08787005547027,32.054794520547944,4,0.0,23,0,0,8.0,2,6.0,5.0,1.0,0.0,1.0,46,370,hot,easy,LeBron James
32.39345750898928,32.054794520547944,4,0.0,20,4,0,7.0,2,5.0,16.0,1.0,1.0,7.0,44,371,hot,easy,LeBron James
38.416317700398565,28.0,12,2.0,20,3,1,3.0,0,3.0,1.0,2.0,0.0,9.74436090225564,44,372,hot,normal,LeBron James
33.95224437976029,30.0,8,2.0,18,2,2,10.0,2,8.0,12.0,2.0,2.0,3.0,40,373,average,normal,LeBron James
36.728505862669415,14.0,3,0.0,9,1,0,5.0,0,5.0,18.868965517241378,0.0,0.0,1.0,19,374,average,tough,LeBron James
28.1147572676869,17.0,6,12.0,6,2,9,10.0,3,7.0,0.0,2.0,0.0,3.0,23,375,average,normal,LeBron James
39.79374619517009,19.0,4,15.0,9,3,8,5.0,0,5.0,14.0,0.0,0.0,6.0,29,376,average,normal,LeBron James
31.86449740336673,13.0,4,4.0,5,2,4,16.0,3,13.0,6.0,3.0,0.0,1.0,16,377,average,normal,LeBron James
33.481094554195266,15.0,7,4.0,6,2,4,6.0,0,6.0,0.0,1.0,0.0,4.0,18,378,average,normal,LeBron James
35.66983465268281,20.0,7,15.0,10,1,8,4.0,1,3.0,7.0,4.993065187239945,1.0,1.0,29,379,average,normal,LeBron James
37.14513959170062,13.0,4,4.0,7,1,3,3.0,0,3.0,0.0,0.0,0.0,5.0,18,380,average,normal,LeBron James
22.01482572291527,8.0,4,4.0,6,0,3,10.0,1,9.0,1.0,1.0,3.1811487481590577,0.0,15,381,average,normal,LeBron James
35.075591158950935,25.0,1,12.0,12,1,5,13.0,4,9.0,9.0,0.0,1.0,5.0,30,382,hot,tough,LeBron James
41.65479619457413,21.0,6,4.0,14,2,4,10.0,1,9.0,13.0,1.0,0.0,3.0,34,383,cold,easy,LeBron James
35.6694528245269,25.0,5,0.0,14,2,0,22.023529411764706,1,21.023529411764706,7.0,3.0,0.0,4.0,30,384,hot,tough,LeBron James
32.151185099321964,29.0,9,7.0,11,4,5,11.0,2,9.0,18.868965517241378,0.0,2.0,1.0,31,385,average,easy,LeBron James
28.429764842040896,19.0,7,0.0,13,0,0,3.0,0,3.0,5.0,1.0,1.0,0.0,26,386,hot,normal,LeBron James
38.0407601986903,20.0,6,12.0,9,2,12,2.0,0,2.0,4.0,2.0,0.0,4.0,32,387,hot,tough,LeBron James
30.910421515737657,16.0,4,8.0,9,0,7,6.0,1,5.0,18.868965517241378,0.0,2.0,0.0,25,388,average,normal,LeBron James
34.71876117798132,20.0,5,4.0,10,3,4,5.0,1,4.0,18.868965517241378,0.0,0.0,7.0,27,389,cold,easy,LeBron James
37.78247635433823,30.0,7,0.0,16,2,0,7.0,0,7.0,1.0,4.993065187239945,3.1811487481590577,5.0,34,390,average,easy,LeBron James
36.117104289209784,19.0,8,2.0,10,4,1,2.0,0,2.0,16.0,3.0,0.0,2.0,25,391,passive,normal,LeBron James
34.027431017237376,22.0,7,0.0,9,2,0,7.0,2,5.0,17.0,0.0,0.0,4.0,20,392,average,normal,LeBron James
34.77471633488756,27.0,5,6.0,14,1,4,11.0,1,10.0,16.0,4.0,1.0,2.0,33,393,hot,tough,LeBron James
29.276509031330843,10.0,5,4.0,6,1,3,4.0,0,4.0,16.0,0.0,0.0,5.0,16,394,cold,easy,LeBron James
33.24536389571653,18.0,4,10.0,13,1,5,8.0,1,7.0,1.0,0.0,0.0,2.0,32,395,average,normal,LeBron James
32.58249361912979,17.0,8,0.0,10,3,0,0.0,0,0.0,12.0,0.0,0.0,1.0,23,396,average,normal,LeBron James
41.49728663400027,23.0,7,7.0,13,1,5,9.0,1,8.0,5.0,0.0,1.0,5.0,32,397,average,normal,LeBron James
41.363572440593714,32.054794520547944,5,0.0,19,1,0,3.0,1,2.0,18.868965517241378,1.0,0.0,6.0,39,398,passive,normal,LeBron James
32.7165902835614,17.0,4,1.0,6,1,1,19.0,4,15.0,11.0,0.0,0.0,4.0,14,399,average,normal,LeBron James
35.185769601030145,26.0,3,4.0,15,2,4,4.0,0,4.0,1.0,1.0,1.0,2.0,36,400,hot,tough,LeBron James
32.46650800093712,25.0,8,6.0,14,3,3,4.0,0,4.0,6.0,2.0,1.0,3.0,34,401,passive,normal,LeBron James
31.521709836476216,15.0,4,2.0,7,2,2,15.0,1,14.0,1.0,1.0,2.0,3.0,18,402,cold,normal,LeBron James
36.7351293259454,25.0,8,4.0,10,0,3,5.0,0,5.0,14.0,1.0,0.0,6.0,23,403,average,normal,LeBron James
34.289696269964075,16.0,4,4.0,5,0,4,6.0,1,5.0,18.868965517241378,1.0,3.0,6.0,14,404,passive,tough,LeBron James
33.772203679916785,20.0,9,2.0,11,4,2,10.0,3,7.0,7.0,4.993065187239945,3.0,1.0,28,405,cold,normal,LeBron James
35.54592794422331,11.0,5,0.0,7,0,0,9.0,0,9.0,17.0,0.0,1.0,4.0,14,406,passive,normal,LeBron James
30.749203511064774,24.0,4,12.0,11,0,10,2.0,0,2.0,4.0,1.0,0.0,0.0,32,407,average,normal,LeBron James
29.586042229647877,9.0,4,6.0,5,1,3,5.0,1,4.0,10.0,0.0,1.0,1.0,14,408,cold,normal,LeBron James
34.44409891017635,16.0,7,0.0,7,3,0,7.0,0,7.0,18.868965517241378,0.0,0.0,8.0,17,409,hot,normal,LeBron James
36.56624326941049,20.0,4,10.0,11,0,7,2.0,1,1.0,5.0,4.993065187239945,1.0,2.0,29,410,average,normal,LeBron James
34.5912808762356,10.0,5,0.0,4,1,0,13.0,2,11.0,3.0,4.993065187239945,0.0,7.0,9,411,average,normal,LeBron James
30.464331209481596,32.054794520547944,10,8.0,20,4,6,3.0,0,3.0,4.0,2.0,0.0,5.0,50,412,average,normal,LeBron James
28.106720827156437,14.0,4,2.0,8,0,1,8.0,0,8.0,15.0,1.0,1.0,2.0,17,413,average,tough,LeBron James
32.89879538225545,10.0,5,4.0,3,0,4,14.0,2,12.0,18.868965517241378,3.0,1.0,4.0,10,414,average,tough,LeBron James
34.578317337374216,31.0,4,15.0,17,2,12,6.0,0,6.0,18.0,0.0,0.0,3.0,48,415,hot,easy,LeBron James
26.304244302588945,17.0,7,15.0,9,4,12,7.0,0,7.0,18.868965517241378,2.0,1.0,2.0,34,416,hot,normal,LeBron James
37.040456066185506,13.0,6,11.0,6,1,10,12.0,4,8.0,18.868965517241378,0.0,2.0,7.0,23,417,average,easy,LeBron James
29.426965940471487,9.0,3,4.0,5,0,3,2.0,0,2.0,4.0,1.0,2.0,5.0,13,418,average,tough,LeBron James
35.85467003454349,18.0,4,0.0,6,2,0,22.0,6,16.0,2.0,1.0,0.0,3.0,14,419,cold,normal,LeBron James
20.1923753343729,11.0,2,0.0,4,0,0,1.0,0,1.0,0.0,1.0,0.0,5.0,8,420,average,easy,LeBron James
39.27212952827686,32.054794520547944,3,2.0,15,1,2,4.0,0,4.0,6.0,3.0,0.0,9.74436090225564,33,421,average,normal,LeBron James
29.512804060226017,23.0,9,4.0,17,2,4,11.0,2,9.0,7.0,1.0,0.0,2.0,40,422,hot,normal,LeBron James
32.547154138890306,17.0,1,0.0,10,1,0,5.0,0,5.0,9.0,2.0,1.0,8.0,21,423,average,normal,LeBron James
36.72471790103218,25.0,3,4.0,17,1,4,5.0,1,4.0,18.0,0.0,1.0,5.0,39,424,average,easy,LeBron James
34.91796119222287,14.0,6,6.0,7,0,5,22.023529411764706,6,16.023529411764706,18.868965517241378,3.0,0.0,6.0,19,425,average,normal,LeBron James
33.48171700312553,9.0,4,6.0,2,2,5,2.0,0,2.0,2.0,3.0,1.0,2.0,11,426,passive,normal,LeBron James
32.230744595614745,32.054794520547944,6,1.0,14,6,0,5.0,1,4.0,0.0,4.993065187239945,0.0,1.0,34,427,average,normal,LeBron James
34.84674013350732,22.0,5,12.0,11,1,11,6.0,1,5.0,12.0,4.0,2.0,0.0,34,428,average,normal,LeBron James
36.983951007468384,20.0,10,5.0,12,1,4,22.023529411764706,3,19.023529411764706,6.0,0.0,0.0,8.0,29,429,hot,tough,LeBron James
32.376284908320635,11.0,5,2.0,5,2,2,0.0,0,0.0,6.0,0.0,0.0,1.0,14,430,cold,tough,LeBron James
39.66573534822368,23.0,9,4.0,11,6,4,22.023529411764706,1,21.023529411764706,3.0,4.993065187239945,0.0,1.0,32,431,average,normal,LeBron James
35.67265168765831,18.0,6,10.0,9,1,7,22.023529411764706,8,14.023529411764706,3.0,1.0,1.0,7.0,26,432,average,normal,LeBron James
39.71063119645548,23.0,8,4.0,10,2,4,6.0,1,5.0,7.0,1.0,0.0,4.0,26,433,average,normal,LeBron James
38.28331610412644,18.0,5,8.0,11,4,5,9.0,1,8.0,8.0,2.0,3.0,1.0,31,434,passive,easy,LeBron James
40.04028039531432,23.0,4,8.0,10,1,7,18.0,6,12.0,5.0,2.0,0.0,8.0,28,435,average,easy,LeBron James
36.12049232133019,20.0,10,0.0,16,5,0,9.0,1,8.0,18.868965517241378,1.0,2.0,5.0,37,436,hot,normal,LeBron James
39.14130025149381,19.0,9,15.0,9,5,11,1.0,0,1.0,9.0,0.0,0.0,3.0,34,437,passive,normal,LeBron James
31.610899159331368,32.054794520547944,8,5.0,24,4,4,3.0,0,3.0,0.0,1.0,1.0,0.0,56,438,hot,normal,LeBron James
29.47539502113101,32.054794520547944,11,8.0,19,5,4,3.0,0,3.0,3.0,2.0,0.0,2.0,47,439,hot,easy,LeBron James
33.22324718145414,20.0,6,0.0,13,2,0,11.0,2,9.0,4.0,0.0,0.0,3.0,28,440,average,easy,LeBron James
38.464783329159566,32.054794520547944,10,8.0,13,3,6,10.0,4,6.0,9.0,0.0,0.0,4.0,35,441,average,easy,LeBron James
32.73384218400072,24.0,4,6.0,13,1,3,4.0,0,4.0,12.0,2.0,0.0,9.0,30,442,passive,easy,LeBron James
32.83421223909552,20.0,5,4.0,11,2,4,12.0,1,11.0,4.0,0.0,0.0,2.0,28,443,average,tough,LeBron James
35.35572505897551,17.0,4,0.0,6,0,0,5.0,0,5.0,17.0,1.0,0.0,6.0,12,444,average,normal,LeBron James
35.2070578214368,28.0,6,15.0,13,0,9,6.0,1,5.0,10.0,0.0,3.1811487481590577,3.0,35,445,average,normal,LeBron James
38.73718235240479,19.0,9,4.0,11,2,1,5.0,0,5.0,3.0,0.0,1.0,7.0,25,446,average,tough,LeBron James
35.574780722030326,18.0,9,4.0,8,2,2,14.0,2,12.0,10.0,4.993065187239945,1.0,2.0,20,447,average,normal,LeBron James
38.727039472400705,32.054794520547944,10,2.0,19,3,2,3.0,1,2.0,9.0,4.993065187239945,1.0,9.74436090225564,43,448,hot,easy,LeBron James
36.70449436276781,20.0,10,4.0,6,2,3,10.0,3,7.0,16.0,0.0,2.0,3.0,17,449,passive,normal,LeBron James
38.00585666866848,20.0,4,12.0,13,2,9,13.0,3,10.0,3.0,3.0,2.0,4.0,37,450,average,normal,LeBron James
37.21328983249975,17.0,7,2.0,9,3,2,5.0,0,5.0,11.0,0.0,0.0,5.0,23,451,average,normal,LeBron James
35.073082145091874,22.0,11,4.0,15,6,2,4.0,0,4.0,2.0,2.0,0.0,1.0,38,452,hot,normal,LeBron James
40.44867190018204,32.054794520547944,3,11.0,18,1,7,10.0,1,9.0,10.0,1.0,0.0,3.0,44,453,average,easy,LeBron James
31.180354778284116,15.0,4,5.0,9,2,3,16.0,4,12.0,13.0,4.0,2.0,8.0,23,454,average,normal,LeBron James
38.01791608198492,8.0,4,8.0,6,1,6,16.0,2,14.0,15.0,3.0,0.0,2.0,19,455,cold,tough,LeBron James
35.4298081222016,10.0,5,6.0,4,4,6,22.023529411764706,3,19.023529411764706,7.0,2.0,0.0,2.0,18,456,average,normal,LeBron James
32.43138161159972,16.0,5,4.0,6,0,2,1.0,0,1.0,7.0,4.993065187239945,1.0,1.0,14,457,average,tough,LeBron James
37.232552482895954,30.0,9,12.0,16,4,5,19.0,0,19.0,2.0,0.0,0.0,5.0,41,458,average,normal,LeBron James
41.064009540069364,31.0,4,2.0,21,1,2,8.0,2,6.0,7.0,1.0,0.0,7.0,45,459,average,normal,LeBron James
32.664915111176974,21.0,10,3.0,12,6,3,2.0,0,2.0,1.0,2.0,0.0,8.0,33,460,average,easy,LeBron James
33.54182369726503,25.0,9,4.0,18,4,3,11.0,1,10.0,12.0,0.0,2.0,9.0,43,461,average,normal,LeBron James
31.4431342394806,32.054794520547944,2,6.0,16,0,5,5.0,0,5.0,5.0,0.0,3.0,2.0,37,462,average,easy,LeBron James
38.49956527068371,19.0,9,6.0,11,2,3,3.0,0,3.0,5.0,2.0,1.0,4.0,27,463,hot,normal,LeBron James
36.237298763788104,27.0,3,15.0,15,0,10,6.0,1,5.0,4.0,0.0,2.0,0.0,40,464,average,normal,LeBron James
34.11877372980746,32.0,1,4.0,15,0,3,6.0,1,5.0,4.0,0.0,2.0,3.0,33,465,average,normal,LeBron James
24.770686861771097,17.0,2,4.0,6,0,3,6.0,1,5.0,2.0,1.0,1.0,2.0,15,466,hot,tough,LeBron James
37.8656947301102,32.054794520547944,10,4.0,22,6,3,16.0,5,11.0,3.0,0.0,2.0,0.0,53,467,hot,normal,LeBron James
20.00187939265432,8.0,3,3.0,5,2,2,4.0,1,3.0,5.0,2.0,0.0,2.0,14,468,cold,normal,LeBron James
37.09075274197299,21.0,5,4.0,15,1,4,22.0,7,15.0,7.0,1.0,2.0,9.0,35,469,average,normal,LeBron James
36.183106891989226,11.0,2,4.0,6,0,2,11.0,2,9.0,7.0,1.0,0.0,9.74436090225564,14,470,average,normal,LeBron James
34.536268156957306,11.0,5,0.0,5,1,0,7.0,2,5.0,5.0,0.0,1.0,5.0,11,471,cold,easy,LeBron James
36.590713391233834,14.0,2,8.0,8,2,6,18.0,4,14.0,14.0,1.0,1.0,0.0,24,472,average,normal,LeBron James
33.59413230238243,17.0,3,0.0,5,3,0,13.0,1,12.0,8.0,0.0,1.0,1.0,13,473,average,easy,LeBron James
25.602142796156006,19.0,3,4.0,10,0,4,2.0,1,1.0,6.0,1.0,1.0,3.0,24,474,cold,normal,LeBron James
38.8828586817687,28.0,4,4.0,11,1,3,6.0,0,6.0,1.0,0.0,1.0,8.0,26,475,average,normal,LeBron James
35.11021229648007,18.0,8,2.0,7,3,0,0.0,0,0.0,1.0,2.0,0.0,3.0,17,476,average,normal,LeBron James
35.39940430317214,25.0,6,1.0,9,1,1,9.0,1,8.0,3.0,2.0,3.0,7.0,20,477,cold,normal,LeBron James
30.805870423439956,18.0,9,4.0,11,2,2,6.0,0,6.0,3.0,0.0,1.0,0.0,26,478,average,easy,LeBron James
41.15288355741809,29.0,8,15.0,17,5,7,19.0,5,14.0,12.0,1.0,3.1811487481590577,3.0,46,479,hot,normal,LeBron James
31.5229010314042,18.0,6,0.0,8,4,0,3.0,1,2.0,9.0,0.0,3.0,1.0,20,480,hot,normal,LeBron James
35.05525462288132,28.0,12,3.0,10,5,2,20.0,2,18.0,7.0,0.0,0.0,0.0,27,481,average,normal,LeBron James
36.449875779499415,30.0,13,4.0,13,4,4,5.0,1,4.0,7.0,0.0,0.0,3.0,34,482,average,normal,LeBron James
35.440018318298044,19.0,5,4.0,10,1,2,6.0,1,5.0,1.0,0.0,1.0,9.74436090225564,23,483,average,normal,LeBron James
38.97990203637582,31.0,5,8.0,16,3,5,15.0,5,10.0,2.0,3.0,0.0,5.0,40,484,hot,normal,LeBron James
31.98500592265075,7.0,3,0.0,4,0,0,7.0,2,5.0,7.0,1.0,3.0,3.0,8,485,cold,tough,LeBron James
31.579497316868032,18.0,7,5.0,10,6,2,3.0,0,3.0,1.0,1.0,2.0,4.0,28,486,hot,normal,LeBron James
34.228672149577726,16.0,5,4.0,9,3,3,1.0,0,1.0,8.0,0.0,0.0,2.0,24,487,average,normal,LeBron James
34.06600693352717,26.0,7,5.0,12,3,4,19.0,3,16.0,18.868965517241378,4.993065187239945,0.0,9.74436090225564,31,488,average,normal,LeBron James
32.827736744642586,17.0,7,10.0,8,1,4,4.0,0,4.0,1.0,2.0,0.0,4.0,21,489,average,normal,LeBron James
38.48447536454387,20.0,10,3.0,12,4,2,10.0,1,9.0,17.0,0.0,3.1811487481590577,9.74436090225564,30,490,cold,easy,LeBron James
36.756559322473734,15.0,6,0.0,6,2,0,18.0,3,15.0,10.0,4.993065187239945,0.0,3.0,14,491,cold,easy,LeBron James
36.17260595795559,30.0,5,6.0,14,3,4,2.0,0,2.0,7.0,3.0,0.0,2.0,35,492,average,tough,LeBron James
39.89767791171178,32.054794520547944,5,12.0,16,4,10,22.023529411764706,2,20.023529411764706,15.0,1.0,0.0,9.0,46,493,average,normal,LeBron James
34.93655388576734,20.0,5,4.0,10,2,2,3.0,0,3.0,18.0,1.0,2.0,6.0,24,494,average,normal,LeBron James
33.051834927298415,18.0,7,2.0,10,2,2,11.0,3,8.0,3.0,1.0,0.0,4.0,24,495,average,normal,LeBron James
35.02017569542593,20.0,10,5.0,14,7,4,2.0,0,2.0,4.0,0.0,1.0,5.0,39,496,average,easy,LeBron James
34.21654810526206,32.054794520547944,2,2.0,18,1,1,10.0,2,8.0,4.0,2.0,0.0,9.74436090225564,38,497,average,normal,LeBron James
35.149144295432045,30.0,4,7.0,17,1,6,15.0,1,14.0,9.0,4.993065187239945,1.0,1.0,41,498,average,tough,LeBron James
34.47561307008805,16.0,7,4.0,7,4,2,3.0,0,3.0,3.0,0.0,1.0,9.74436090225564,20,499,average,normal,LeBron James
36.84343182512316,19.0,8,15.0,11,1,10,2.0,0,2.0,2.0,2.0,0.0,1.0,33,500,average,normal,LeBron James
