ADP,PLAYER,POS,TEAM,GP,MPG,FGM,FG%,FTM,FT%,3PTM,3P%,PTS,TREB,AST,STL,BLK,TO,DD,A/TO,TOTAL,FGM_calc,FGA,FTM_calc,FTA,3PM_calc,3PA,DD_calc
1.1,Nikola Jokic,C,DEN,74,35.7,808.1,0.579,361.1,0.808,156.1,0.392,2132.7,939.1,762.9,118.4,57,234.6,62.4,3.3,39.93,808.1,1394.9,361.1,447.0,156.1,398.1,TRUE
3.8,Giannis Antetokounmpo,"PF,C",MIL,70,34.7,839.3,0.607,476.7,0.633,24.5,0.259,2179.1,828.1,476.7,60.9,79.1,240.1,57.5,2,29.38,839.3,1382.5,476.7,752.5,24.5,94.5,TRUE
3.8,Shai Gilgeous-Alexander,PG,OKC,74,34.1,819.2,0.527,577.9,0.886,156.9,0.369,2373.2,392.9,466.9,128,71,170.9,5.8,2.7,28.02,819.2,1555.5,577.9,651.9,156.9,425.5,TRUE
10.1,Domantas Sabonis,C,SAC,76,35.2,573,0.58,236.4,0.757,69.2,0.394,1451.6,1054.9,502.4,61.6,37.2,228,66.2,2.2,26.81,573.0,988.8,236.4,312.4,69.2,175.6,TRUE
10.5,Karl-Anthony Towns,"PF,C",NY,69,33.8,579.6,0.516,307.7,0.846,144.2,0.418,1611.2,812.8,213.2,62.8,46.9,191.1,55.6,1.1,26.25,579.6,1123.3,307.7,363.6,144.2,345.0,TRUE
4.7,Luka Doncic,"PG,SG",LAL,70,35.8,728.7,0.473,453.6,0.785,265.3,0.376,2177,608.3,616,108.5,34.3,265.3,29.4,2.3,24.91,728.7,1542.1,453.6,578.2,265.3,705.6,TRUE
2.8,Victor Wembanyama,C,SA,65,32.4,561.6,0.47,266.5,0.827,189.2,0.356,1578.9,717.6,241.8,72.2,242.5,239.2,38.2,1,24.2,561.6,1196.0,266.5,322.4,189.2,531.7,TRUE
11.8,Trae Young,PG,ATL,72,36,558.7,0.428,469.4,0.867,219.6,0.353,1806.5,215.3,817.9,91.4,13,329.8,48.3,2.5,23.79,558.7,1304.6,469.4,541.4,219.6,621.4,TRUE
7.1,Anthony Edwards,"PG,SG",MIN,79,36.1,732.3,0.449,444.8,0.837,327.1,0.394,2236.5,466.9,405.3,101.9,49,259.9,7,1.6,22.16,732.3,1629.8,444.8,531.7,327.1,829.5,TRUE
15.4,James Harden,"PG,SG",LAC,75,34.8,464.3,0.425,406.5,0.874,212.3,0.364,1547.3,415.5,639,98.3,56.3,271.5,36.1,2.4,21.76,464.3,1091.3,406.5,465.0,212.3,582.8,TRUE
9.7,Anthony Davis,"PF,C",DAL,63,34.5,589.7,0.521,352.2,0.787,47.3,0.265,1578.8,745.9,223,75,132.9,135.5,44.5,1.7,20.35,589.7,1130.9,352.2,447.3,47.3,178.3,TRUE
7.7,Cade Cunningham,"PG,SG",DET,70,35.2,684.6,0.463,324.1,0.856,154.7,0.357,1848,413,652.4,70,58.1,286.3,31,2.3,19.48,684.6,1479.8,324.1,378.7,154.7,433.3,TRUE
18.3,LeBron James,"SF,PF",LAL,68,33.9,629,0.526,264.5,0.764,140.1,0.392,1661.9,500.5,547.4,74.8,36,237.3,31.1,2.3,18.71,629.0,1194.8,264.5,346.1,140.1,357.0,TRUE
13.8,Devin Booker,"PG,SG",PHO,72,36.6,658.1,0.476,424.8,0.89,169.9,0.346,1910.9,311,547.9,64.8,22.3,202.3,15.3,2.7,16.93,658.1,1383.8,424.8,477.4,169.9,491.8,TRUE
35.5,Ivica Zubac,C,LAC,74,29.6,464.7,0.636,138.4,0.688,0,0.0,1068.6,819.2,153.9,38.5,86.6,102.9,54.6,1.5,16.83,464.7,731.1,138.4,201.3,0.0,0.0,TRUE
18,Alperen Sengün,C,HOU,74,32.9,573.5,0.507,303.4,0.702,38.5,0.321,1488.9,742.2,386.3,84.4,69.6,179.8,43.8,2.2,16.62,573.5,1130.7,303.4,432.2,38.5,119.9,TRUE
18.9,Stephen Curry,PG,GS,68,32,552.8,0.449,272,0.928,300.6,0.402,1678.2,300.6,388.3,63.2,27.2,193.1,8.8,2,16.55,552.8,1230.8,272.0,293.1,300.6,748.0,TRUE
21.1,Evan Mobley,"PF,C",CLE,70,30.6,519.4,0.558,210,0.721,85.4,0.37,1334.2,669.2,233.8,65.1,106.4,143.5,36.5,1.6,16.44,519.4,931.0,210.0,291.2,85.4,231.0,TRUE
22.7,Jalen Brunson,PG,NY,68,34.4,646,0.483,370.6,0.835,159.8,0.389,1822.4,200.6,491,61.2,10.2,164.6,14.6,3,14.68,646.0,1338.2,370.6,444.0,159.8,410.7,TRUE
22.7,Kevin Durant,"SF,PF",HOU,65,34,592.8,0.524,293.8,0.848,145,0.422,1624.4,383.5,306.8,52.7,65,202.8,5.3,1.5,14.6,592.8,1130.4,293.8,346.5,145.0,343.9,TRUE
55.4,Jarrett Allen,C,CLE,78,28.2,430.6,0.67,202.8,0.732,0,0.0,1063.9,743.3,172.4,60.8,72.5,102.2,38.1,1.7,14.33,430.6,642.7,202.8,276.9,0.0,5.5,TRUE
55.4,Nikola Vucevic,C,CHI,74,30,521,0.505,103.6,0.809,101.4,0.349,1246.9,705.2,186.5,51.1,51.1,112.5,45.6,1.7,14.02,521.0,1031.6,103.6,128.0,101.4,290.8,TRUE
34,Bam Adebayo,"PF,C",MIA,74,34.2,518.7,0.483,264.9,0.758,81.4,0.344,1383.8,726.7,300.4,79.2,50.3,157.6,36,1.9,13.86,518.7,1074.5,264.9,349.3,81.4,236.8,TRUE
32.3,Josh Giddey,"PG,SG",CHI,72,31.1,455,0.47,157.7,0.785,109.4,0.365,1177.2,578.9,550.1,87.1,51.1,213.1,30.9,2.6,13.2,455.0,967.7,157.7,200.9,109.4,300.2,TRUE
20.2,Tyrese Maxey,PG,PHI,65,37.6,612.3,0.444,319.8,0.872,209.3,0.364,1753.7,237.3,412.1,100.1,29.9,143,10,2.9,13.03,612.3,1378.7,319.8,366.6,209.3,575.3,TRUE
23.5,Donovan Mitchell,"PG,SG",CLE,72,31.8,602.6,0.449,317.5,0.843,239,0.37,1761.8,333.4,380.9,102.2,25.9,167.8,6.1,2.3,12.75,602.6,1342.8,317.5,376.6,239.0,645.8,TRUE
68.9,Rudy Gobert,C,MIN,74,33.6,358.9,0.664,207.9,0.653,0,0.0,925,788.8,110.3,51.8,112.5,99.2,37,1.1,12.6,358.9,540.2,207.9,318.2,0.0,1.5,TRUE
60.5,Michael Porter Jr.,"SF,PF",BKN,79,32.7,595.7,0.473,170.6,0.788,243.3,0.389,1605.3,636.7,155.6,49.8,49,160.4,15.4,1,12.49,595.7,1260.1,170.6,216.5,243.3,624.9,TRUE
55,Jalen Duren,C,DET,72,27.6,383,0.655,160.6,0.722,0,0.0,926.6,798.5,187.2,46.1,71.3,139.7,37.9,1.3,12.35,383.0,584.6,160.6,222.5,0.0,2.2,TRUE
28.2,Jalen Johnson,"SF,PF",ATL,65,34.7,452.4,0.507,144.3,0.735,82.6,0.337,1131.7,607.8,275.6,88.4,59.8,148.9,36.1,1.9,11.72,452.4,893.1,144.3,196.3,82.6,245.1,TRUE
29,Pascal Siakam,"PF,C",IND,76,32.9,703.8,0.515,320.7,0.748,132.2,0.347,1859.7,535.8,358.7,64.6,32.7,121.6,10.7,3,11.66,703.8,1365.7,320.7,428.6,132.2,380.8,TRUE
39.7,Derrick White,"PG,SG",BOS,74,33.2,465.5,0.444,136.2,0.868,252.3,0.392,1319.4,371.5,414.4,74.7,83.6,121.4,3.9,3.4,11.43,465.5,1048.6,136.2,156.9,252.3,643.1,TRUE
24.8,Scottie Barnes,"SG,SF,PF",TOR,69,33.9,514.7,0.459,236.7,0.766,98.7,0.307,1364.8,556.8,414,93.8,84.2,195.3,27.6,2.1,11.29,514.7,1120.6,236.7,309.1,98.7,321.5,TRUE
62.9,Zach LaVine,"PG,SG",SAC,69,34,542.3,0.497,220.1,0.833,203.6,0.423,1508.3,233.9,282.9,57.3,15.9,177.3,5.6,1.6,10.95,542.3,1090.2,220.1,264.3,203.6,480.9,TRUE
43.8,Jamal Murray,"PG,SG",DEN,68,34.8,545.4,0.474,209.4,0.873,163.9,0.398,1464,280.8,408,78.9,40.1,151,5.1,2.7,10.88,545.4,1149.9,209.4,240.0,163.9,412.1,TRUE
29.9,Amen Thompson,"PG,SG,SF",HOU,72,34.3,429.1,0.553,187.9,0.69,38.9,0.293,1085,617,412.6,111.6,90,147.6,21.9,2.8,10.77,429.1,776.2,187.9,272.2,38.9,132.5,TRUE
21.3,Jalen Williams,"SF,PF",OKC,70,33,568.4,0.484,245.7,0.801,133.7,0.404,1516.2,352.8,353.5,100.1,49,142.8,3,2.5,10.69,568.4,1175.3,245.7,306.6,133.7,331.1,TRUE
56.5,Deni Avdija,"SF,PF",POR,73,30.1,454.1,0.478,290.5,0.777,125.6,0.37,1324.2,573.1,321.9,74.5,40.2,202.2,17.2,1.6,10.2,454.1,949.7,290.5,373.8,125.6,339.5,TRUE
53.6,Austin Reaves,"PG,SG",LAL,72,33.5,439.2,0.469,259.9,0.866,166.3,0.372,1304.6,320.4,409.7,69.1,22.3,175,8.9,2.3,9.26,439.2,937.4,259.9,300.2,166.3,447.1,TRUE
88,John Collins,"PF,C",LAC,70,29.2,412.3,0.528,175,0.82,88.9,0.383,1088.5,541.8,95.9,48.3,61.6,123.2,22.8,0.8,9.23,412.3,780.5,175.0,213.5,88.9,232.4,TRUE
25.7,Chet Holmgren,"PF,C",OKC,62,28.4,346.6,0.491,172.4,0.772,93.6,0.372,959.1,519.6,142,40.9,141.4,101.1,21.3,1.4,9.09,346.6,705.6,172.4,223.2,93.6,251.7,TRUE
68.8,Deandre Ayton,C,LAL,67,31.3,438.9,0.569,66.3,0.767,4,0.154,948.1,628.5,124,54.9,67.7,106.5,33.5,1.2,8.88,438.9,771.2,66.3,86.4,4.0,26.1,TRUE
15.4,Paolo Banchero,"PF,C",ORL,63,34.7,587.2,0.459,391.2,0.745,133.6,0.342,1699.1,512.2,310,65.5,46.6,170.1,15.1,1.8,8.84,587.2,1279.5,391.2,524.8,133.6,390.6,TRUE
43.6,Desmond Bane,"SG,SF",ORL,70,32,479.5,0.475,175.7,0.872,176.4,0.387,1311.1,338.8,280.7,69.3,28,158.2,10.2,1.8,8.83,479.5,1009.4,175.7,201.6,176.4,456.4,TRUE
26.9,De'Aaron Fox,"PG,SG",SA,68,35.2,592.3,0.466,283.6,0.796,157.1,0.334,1625.9,314.8,399.8,110.2,27.9,181.6,9.9,2.2,8.79,592.3,1270.2,283.6,356.3,157.1,469.9,TRUE
65.4,DeMar DeRozan,SF,SAC,74,34.9,562.4,0.478,397.4,0.855,69.6,0.328,1591.7,281.9,319.7,67.3,34,105.8,2.9,3,8.69,562.4,1175.9,397.4,464.7,69.6,212.4,TRUE
86.9,Naz Reid,"PF,C",MIN,80,28.2,455.2,0.469,120,0.754,188,0.395,1219.2,494.4,156.8,66.4,79.2,120,10,1.3,8.35,455.2,970.4,120.0,159.2,188.0,476.0,TRUE
60.4,Coby White,"PG,SG",CHI,74,33.8,497.3,0.45,275.3,0.873,227.2,0.37,1497,299,348.5,57.7,16.3,162.8,2,2.1,8.28,497.3,1104.1,275.3,315.2,227.2,614.2,TRUE
50.5,Josh Hart,"SG,SF,PF",NY,76,32.5,310.8,0.482,111,0.781,73,0.321,805.6,628.5,348.8,92,25.1,123.1,33.6,2.8,8.17,310.8,645.2,111.0,142.1,73.0,227.2,TRUE
55,Myles Turner,C,MIL,72,29.6,411.8,0.483,173.5,0.777,138.2,0.369,1135.4,478.8,104.4,41.8,135.4,115.2,13,0.9,8.1,411.8,853.2,173.5,223.2,138.2,374.4,TRUE
41.7,Jaren Jackson Jr.,"PF,C",MEM,65,31,520.7,0.467,304.9,0.796,123.5,0.348,1469.7,367.3,141.7,80.6,102.7,146.9,5.3,1,7.89,520.7,1116.1,304.9,382.9,123.5,354.9,TRUE
93.5,Onyeka Okongwu,C,ATL,70,26.7,332.5,0.582,139.3,0.771,38.5,0.325,842.8,563.5,131.6,51.8,70,73.5,26.5,1.8,7.47,332.5,571.2,139.3,180.6,38.5,118.3,TRUE
55.3,Walker Kessler,C,UTA,65,28.2,288,0.656,71.5,0.512,5.2,0.178,652.6,661.1,85.8,31.2,153.4,112.5,31.4,0.8,7.35,288.0,438.8,71.5,139.8,5.2,29.3,TRUE
82.1,Isaiah Hartenstein,C,OKC,66,26.6,261.4,0.617,96.4,0.692,0.7,0.059,619.7,652.1,207.2,59.4,74.6,96.4,32.4,2.2,7.25,261.4,423.7,96.4,139.3,0.7,11.2,TRUE
97,Christian Braun,"SG,SF",DEN,74,33.9,452.9,0.542,171.7,0.817,91.8,0.391,1169.2,388.5,203.5,76.2,43.7,82.9,5.6,2.5,7.24,452.9,836.2,171.7,210.2,91.8,234.6,TRUE
79,Payton Pritchard,PG,BOS,76,30.3,427.9,0.466,66.1,0.829,258.4,0.389,1180.3,319.2,434.7,61.6,11.4,82.1,4.8,5.3,7.18,427.9,917.3,66.1,79.8,258.4,664.2,TRUE
29.1,Jaylen Brown,"SG,SF",BOS,68,33.9,731.7,0.468,248.9,0.75,151.6,0.333,1863.9,486.9,321,83.6,29.9,175.4,5.4,1.8,6.99,731.7,1562.6,248.9,331.8,151.6,455.6,TRUE
34.4,Franz Wagner,"SF,PF",ORL,68,33.1,570.5,0.472,290.4,0.861,106.1,0.289,1538.2,386.9,308.7,80.9,26.5,147.6,3.4,2.1,6.58,570.5,1209.0,290.4,337.3,106.1,367.2,TRUE
69.2,Darius Garland,PG,CLE,61,31.4,427.6,0.461,170.2,0.858,174.5,0.397,1199.9,168.4,405,76.3,8.5,168.4,5.7,2.4,6.56,427.6,927.8,170.2,198.3,174.5,439.2,TRUE
45.3,Trey Murphy III,"SF,PF",NO,65,34.3,484.9,0.444,257.4,0.868,205.4,0.35,1432.6,331.5,243.8,71.5,41,137.8,2.5,1.8,6.46,484.9,1092.7,257.4,296.4,205.4,586.3,TRUE
84.5,Jakob Poeltl,C,TOR,62,29,356.5,0.632,91.1,0.62,0.6,0.333,805.4,569.8,166.2,58.9,74.4,109.7,25,1.5,6.29,356.5,564.2,91.1,146.9,0.6,1.9,TRUE
52.9,Jimmy Butler,"SF,PF",GS,58,32.9,314.4,0.492,349.2,0.846,47,0.372,1024.3,312.6,303.3,79.5,18,89.3,6.3,3.4,6.27,314.4,639.2,349.2,413.0,47.0,126.4,TRUE
38.5,Ja Morant,PG,MEM,60,32.9,508.8,0.451,334.2,0.81,97.2,0.294,1449,276.6,456.6,66,18.6,229.8,15.6,2,6.25,508.8,1129.2,334.2,412.8,97.2,330.6,TRUE
66.4,Jalen Green,"PG,SG",PHO,78,32.3,609.2,0.423,289.4,0.808,226.2,0.344,1734.7,416.5,298.7,71,28.9,205.1,3.8,1.5,6.08,609.2,1441.4,289.4,358.0,226.2,658.3,TRUE
62.7,Julius Randle,"PF,C",MIN,70,33.8,460.6,0.477,287.7,0.795,115.5,0.333,1324.4,517.3,332.5,41.3,16.1,201.6,14.2,1.7,6.04,460.6,966.0,287.7,361.9,115.5,346.5,TRUE
29.2,LaMelo Ball,"PG,SG",CHA,50,32.2,432,0.413,207.5,0.849,191,0.359,1262.5,305,391.5,65.5,12.5,183.5,13.9,2.1,5.81,432.0,1046.5,207.5,244.5,191.0,532.0,TRUE
80.7,Cameron Johnson,"SF,PF",DEN,65,31.6,358.8,0.47,152.8,0.855,189.8,0.408,1060.2,271.1,173.6,72.8,27.3,87.1,2.3,2,5.71,358.8,763.8,152.8,178.8,189.8,465.4,TRUE
37.6,Dyson Daniels,"PG,SG,SF",ATL,74,32.1,407,0.478,79.2,0.641,78.4,0.329,972.4,418.1,319.7,201.3,51.8,137.6,8.7,2.3,5.67,407.0,851.0,79.2,123.6,78.4,238.3,TRUE
55.1,Tyler Herro,"PG,SG",MIA,58,33.2,457.6,0.461,179.8,0.866,179.8,0.382,1274.8,291.7,287.7,46.4,9.3,136.3,6.8,2.1,5.63,457.6,993.0,179.8,207.6,179.8,471.0,TRUE
43.9,Cooper Flagg,SF,DAL,70,31.4,425.6,0.473,245.7,0.836,84,0.344,1180.9,369.6,262.5,86.8,58.8,125.3,0,2.1,4.99,425.6,900.2,245.7,294.0,84.0,244.3,TRUE
93.2,Norman Powell,"SG,SF",MIA,68,30.3,420.9,0.48,182.2,0.812,177.5,0.426,1202.2,197.9,106.8,59.2,16.3,89.1,1.2,1.2,4.97,420.9,877.2,182.2,224.4,177.5,416.2,TRUE
81.8,Mikal Bridges,"SF,PF",NY,80,35.2,539.2,0.481,112.8,0.829,179.2,0.364,1370.4,294.4,282.4,72.8,34.4,138.4,1,2,4.95,539.2,1120.8,112.8,136.0,179.2,492.0,TRUE
44.8,Kawhi Leonard,"SF,PF",LAC,52,31.1,410.8,0.494,135.2,0.813,97.8,0.414,1054.6,285,161.7,76.4,34.3,85.8,7,1.9,4.52,410.8,831.5,135.2,166.4,97.8,236.1,TRUE
101.2,Andrew Wiggins,"SG,SF",MIA,68,30.9,452.9,0.451,209.4,0.757,149.6,0.383,1264.8,365.8,212.2,63.9,56.4,114.9,3.4,1.9,4.45,452.9,1005.0,209.4,276.8,149.6,391.0,TRUE
73.3,Jordan Poole,"PG,SG",NO,72,30.9,475.2,0.422,218.2,0.881,210.2,0.353,1378.8,206.6,324,85.7,25.9,196.6,1.1,1.7,4.43,475.2,1125.4,218.2,247.7,210.2,595.4,TRUE
80,Immanuel Quickley,"PG,SG",TOR,65,30.4,351,0.433,217.1,0.856,173.6,0.389,1092,223,354.3,49.4,9.8,107.9,4,3.3,4.42,351.0,809.9,217.1,253.5,173.6,446.6,TRUE
69.7,Miles Bridges,"SF,PF",CHA,66,31.4,466.6,0.447,179.5,0.85,135.3,0.331,1248.1,447.5,217.8,49.5,35.6,124.1,14.5,1.8,4.41,466.6,1044.1,179.5,211.2,135.3,408.5,TRUE
136.1,Collin Sexton,"PG,SG",CHA,70,27.3,424.2,0.484,246.4,0.861,109.2,0.398,1204,172.9,259,49.7,11.2,149.8,2.2,1.7,4.33,424.2,877.1,246.4,286.3,109.2,274.4,TRUE
67.8,OG Anunoby,"SF,PF",NY,68,34.3,420.2,0.48,136.7,0.794,148.9,0.376,1126.8,308.7,147.6,97.2,55.1,100,1,1.5,4.33,420.2,875.2,136.7,172.0,148.9,396.4,TRUE
140.1,Obi Toppin,PF,IND,80,25.3,404.8,0.551,104,0.778,132,0.382,1046.4,398.4,160,58.4,44,85.6,2,1.9,4.26,404.8,735.2,104.0,133.6,132.0,345.6,TRUE
135.8,Aaron Nesmith,SF,IND,68,30,335.2,0.5,119,0.829,148.2,0.424,937,299.2,106.8,66,43.5,66.6,0,1.6,4.04,335.2,670.5,119.0,143.5,148.2,349.5,TRUE
82.5,Mark Williams,C,PHO,49,26.7,279.8,0.611,132.3,0.763,0,0.0,691.9,483.1,100,36.8,56.8,67.1,23.4,1.5,4.04,279.8,458.2,132.3,173.5,0.0,2.9,TRUE
91.2,Anfernee Simons,"PG,SG",BOS,68,31.1,429.1,0.441,168,0.908,222.4,0.383,1248.5,176.8,272,40.8,4.8,133.3,2,2,4.04,429.1,973.8,168.0,185.0,222.4,580.0,TRUE
83.6,Kel'el Ware,"PF,C",MIA,69,27.8,359.5,0.559,62.8,0.689,47.6,0.315,829.4,626.5,81.4,53.1,81.4,77.3,16.1,1.1,3.96,359.5,643.1,62.8,91.1,47.6,151.1,TRUE
104.4,Nicolas Claxton,C,BKN,70,27.3,331.1,0.596,90.3,0.535,2.8,0.222,755.3,589.4,147,51.8,119,86.8,13,1.7,3.82,331.1,555.1,90.3,168.7,2.8,12.6,TRUE
91.9,Bennedict Mathurin,"SG,SF",IND,72,31,419.8,0.453,281.5,0.828,108.7,0.354,1229.8,377.3,156.2,50.4,23,141.8,8,1.1,3.78,419.8,926.6,281.5,339.8,108.7,306.7,TRUE
112.8,Tobias Harris,PF,DET,71,32.2,403.3,0.478,156.9,0.87,86.6,0.35,1050.8,421,180.3,68.2,49,84.5,4.8,2.1,3.72,403.3,843.5,156.9,180.3,86.6,247.8,TRUE
107.2,Keegan Murray,"SF,PF",SAC,76,34,392.9,0.449,79.8,0.84,164.2,0.351,1030.6,451.4,115.5,67.6,63.1,60.8,11,1.9,3.65,392.9,874.8,79.8,95.0,164.2,467.4,TRUE
101.3,Matas Buzelis,"SF,PF",CHI,78,28.7,406.4,0.461,138.1,0.819,149.8,0.36,1100.6,434.5,133.4,46,101.4,115.4,1,1.2,3.61,406.4,882.2,138.1,168.5,149.8,415.7,TRUE
107.3,Toumani Camara,"SF,PF",POR,74,33,329.3,0.455,104.3,0.738,137.6,0.376,900.6,473.6,186.5,114,52.5,121.4,3.8,1.5,3.5,329.3,724.5,104.3,141.3,137.6,366.3,TRUE
48.7,Zion Williamson,"SF,PF",NO,49,30.1,471.9,0.551,245.5,0.645,4.4,0.29,1193.6,317.5,248.4,52.9,35.8,137.7,13.1,1.8,3.46,471.9,857.0,245.5,380.7,4.4,15.2,TRUE
54.8,Kristaps Porzingis,"PF,C",ATL,49,29.2,316.1,0.483,187.7,0.817,106.3,0.392,926.1,333.2,100.9,32.8,72.5,85.3,7,1.2,3.43,316.1,654.2,187.7,229.8,106.3,271.0,TRUE
116.7,Bobby Portis,"PF,C",MIL,65,24.9,373.8,0.491,80,0.809,83.2,0.39,910,511.6,104.7,52,29.9,74.1,14.6,1.4,3.42,373.8,760.5,80.0,98.8,83.2,213.2,TRUE
142.1,Keon Ellis,"PG,SG",SAC,72,27.2,226.1,0.481,67,0.816,141.1,0.427,660.2,226.8,138.2,115.9,61.9,72.7,0,1.9,3.38,226.1,470.2,67.0,82.1,141.1,330.5,TRUE
127,Donte DiVincenzo,"PG,SG",MIN,70,27.5,340.9,0.436,66.5,0.766,224,0.4,971.6,257.6,216.3,88.2,25.9,103.6,1.1,2.1,3.3,340.9,782.6,66.5,86.8,224.0,560.0,TRUE
98.7,CJ McCollum,"PG,SG",WAS,60,31,436.8,0.452,112.8,0.767,193.2,0.404,1179,234.6,250.2,51,30.6,101.4,0,2.5,3.23,436.8,967.2,112.8,147.0,193.2,478.2,TRUE
120.4,Dereck Lively II,C,DAL,65,25.3,281.5,0.7,91.7,0.635,0,0.0,654.6,505.7,113.1,43.6,98.8,70.9,14.4,1.6,3.2,281.5,402.4,91.7,144.3,0.0,1.3,TRUE
117.2,Jaden Ivey,"PG,SG",DET,68,29.4,428.4,0.446,219.6,0.744,164.6,0.397,1241.7,274,293.1,59.8,36.7,197.2,0,1.5,3.13,428.4,961.5,219.6,295.1,164.6,414.8,TRUE
92.7,Donovan Clingan,C,POR,70,27.8,267.4,0.54,91.7,0.593,21,0.288,647.5,782.6,114.1,50.4,163.1,107.1,8.3,1.1,3.12,267.4,495.6,91.7,154.7,21.0,72.8,TRUE
111.7,D'Angelo Russell,PG,DAL,67,29.1,367.8,0.431,139.4,0.832,168.2,0.374,1043.2,197.7,386.6,62.3,29.5,131.3,4.6,2.9,2.94,367.8,852.9,139.4,167.5,168.2,449.6,TRUE
76.8,Cam Thomas,"SG,SF",BKN,60,31.3,483.6,0.441,279.6,0.865,141.6,0.359,1387.8,198,190.8,40.2,12,124.2,2.4,1.5,2.91,483.6,1096.8,279.6,323.4,141.6,394.2,TRUE
105.3,Jaden McDaniels,"SF,PF",MIN,76,31.6,378.5,0.482,86.6,0.781,100.3,0.335,943.9,399.8,142.1,92.7,61.6,97.3,9.3,1.5,2.7,378.5,785.1,86.6,111.0,100.3,299.4,TRUE
128.3,Klay Thompson,"SG,SF",DAL,74,27.5,411.4,0.423,94,0.92,233.8,0.388,1151.4,242,155.4,48.1,31.1,99.2,0,1.6,2.51,411.4,972.4,94.0,102.1,233.8,602.4,TRUE
130.8,De'Andre Hunter,"SF,PF",CLE,68,28.3,345.4,0.464,198.6,0.846,142.8,0.395,1032.9,250.2,93.8,46.9,15,86.4,2.1,1.1,2.04,345.4,743.9,198.6,234.6,142.8,361.1,TRUE
135.6,Sam Hauser,"SF,PF",BOS,72,27.8,285.1,0.448,17.3,0.923,223.9,0.421,811.4,308.2,90,49.7,23.8,33.8,0,2.7,2,285.1,635.8,17.3,18.7,223.9,532.1,TRUE
99.1,Devin Vassell,"SG,SF",SA,66,32,421.1,0.458,121.4,0.8,153.1,0.371,1116.7,244.2,217.1,74.6,26.4,93.1,2,2.3,1.91,421.1,919.4,121.4,151.8,153.1,413.2,TRUE
103.4,Jalen Suggs,PG,ORL,65,29.8,344.5,0.446,139.1,0.811,148.2,0.366,976.3,239.2,229.5,93,52,151.5,0,1.5,1.9,344.5,772.2,139.1,171.6,148.2,405.0,TRUE
145.2,Kon Knueppel,SF,CHA,70,28.7,282.1,0.462,147.7,0.861,118.3,0.413,830.9,255.5,177.8,74.2,22.4,75.6,0,2.4,1.87,282.1,611.1,147.7,171.5,118.3,286.3,TRUE
119,Santi Aldama,"PF,C",MEM,68,27.9,338.6,0.472,74.8,0.705,136.7,0.356,889.4,449.5,190.4,55.8,48.3,81.6,10.5,2.3,1.85,338.6,717.4,74.8,106.1,136.7,383.5,TRUE
56.7,Brandon Miller,"SF,PF",CHA,60,33.8,417.6,0.428,130.8,0.838,178.2,0.366,1144.2,276,169.2,58.8,38.4,129,4.4,1.3,1.76,417.6,975.0,130.8,156.0,178.2,487.2,TRUE
45.6,Lauri Markkanen,"SF,PF",UTA,49,31,316.5,0.453,184.7,0.887,140.6,0.373,958.4,314.6,80.9,37.2,19.6,64.7,5.2,1.3,1.61,316.5,698.7,184.7,208.3,140.6,377.3,TRUE
103.4,Bradley Beal,"SG,SF",LAC,58,30,366,0.506,110.8,0.806,102.7,0.406,945.4,207.1,233.2,55.7,27.8,116.6,1.1,2,1.5,366.0,723.8,110.8,137.5,102.7,252.9,TRUE
132.1,T.J. McConnell,PG,IND,74,22.1,398.9,0.537,64.4,0.757,20,0.351,882.8,234.6,452.1,94.7,17.8,132.5,1.9,3.4,1.46,398.9,743.0,64.4,85.1,20.0,57.0,TRUE
97.2,Shaedon Sharpe,"SG,SF",POR,70,32.2,473.2,0.447,198.1,0.797,154,0.344,1299.2,332.5,216.3,61.6,19.6,152.6,2.9,1.4,1.44,473.2,1057.7,198.1,248.5,154.0,448.0,TRUE
138.7,Yves Missi,C,NO,73,26.8,271.6,0.546,128.5,0.624,0,0.0,671.6,607.4,100,37.2,99.3,82.5,14,1.2,1.42,271.6,497.1,128.5,205.9,0.0,0.7,TRUE
120.8,Brandin Podziemski,"PG,SG",GS,70,30.3,328.3,0.45,72.1,0.696,137.9,0.397,866.6,408.8,281.4,84.7,16.1,96.6,2.2,2.9,1.4,328.3,729.4,72.1,103.6,137.9,347.2,TRUE
145.4,Davion Mitchell,PG,MIA,73,29.3,313.2,0.461,78.1,0.759,119,0.38,824.2,222.7,436.5,102.9,16.8,145.3,1,3,1.34,313.2,678.9,78.1,102.9,119.0,313.2,TRUE
118.6,Jabari Smith Jr.,"PF,C",HOU,67,29.8,306.2,0.448,124,0.815,115.2,0.359,851.6,495.8,88.4,37.5,49.6,73,9.4,1.2,1.07,306.2,684.1,124.0,152.1,115.2,320.9,TRUE
126.6,Daniel Gafford,C,DAL,63,22,264.6,0.677,106.5,0.684,0,0.0,635.7,412.7,82.5,36.5,95.1,58.6,8.8,1.4,1.07,264.6,390.6,106.5,155.6,0.0,0.6,TRUE
131.1,Herbert Jones,"SF,PF",NO,69,31.5,254.6,0.453,125.6,0.858,92.5,0.362,727.3,276,219.4,111.8,43.5,94.5,0,2.3,1.04,254.6,561.7,125.6,146.3,92.5,255.3,TRUE
143.4,Kyle Filipowski,"PF,C",UTA,72,26.1,324.7,0.502,115.9,0.649,95.8,0.349,861.1,548.6,175,59.8,27.4,127.4,13,1.4,0.91,324.7,646.6,115.9,178.6,95.8,274.3,TRUE
47.8,Joel Embiid,C,PHI,37,29.8,275.3,0.447,237.2,0.863,37,0.346,824.7,298.6,148.4,21.5,28.9,119.1,13.6,1.3,0.87,275.3,616.1,237.2,274.9,37.0,106.9,TRUE
110.9,Malik Monk,SG,SAC,68,28.8,382.2,0.442,153,0.846,136,0.338,1052.6,216.2,345.4,50.3,36,146.2,4.2,2.4,0.81,382.2,865.0,153.0,180.9,136.0,401.9,TRUE
113.6,Zach Edey,C,MEM,56,27.2,257,0.557,98,0.711,19.6,0.347,631.7,570.1,70.6,39.2,79.5,95.8,10.2,0.7,0.61,257.0,461.4,98.0,137.8,19.6,56.6,TRUE
137.9,Jonas Valanciunas,C,DEN,74,15.1,244.2,0.555,99.9,0.823,14.8,0.29,603.1,441,110.3,22.9,37,75.5,19.2,1.5,0.59,244.2,440.3,99.9,121.4,14.8,51.1,TRUE
105.6,Draymond Green,"PF,C",GS,66,28.1,216.5,0.456,83.8,0.702,70.6,0.35,586.7,437.6,385.4,83.2,63.4,166.3,5.8,2.3,0.57,216.5,475.2,83.8,119.5,70.6,202.0,TRUE
136.8,Gary Trent Jr.,"SG,SF",MIL,72,26.8,337,0.428,82.1,0.832,187.2,0.403,943.2,186.5,107.3,79.9,7.2,46.8,0,2.3,0.55,337.0,787.7,82.1,98.6,187.2,464.4,TRUE
137.9,Rui Hachimura,"SF,PF",LAL,65,29.3,341.3,0.524,96.9,0.753,104,0.417,884,306.8,85.2,44.9,26.7,49.4,1.1,1.7,0.43,341.3,651.3,96.9,128.7,104.0,249.6,TRUE
135,Chris Paul,PG,LAC,68,24.2,197.9,0.434,55.8,0.891,94.5,0.375,546,226.4,433.8,75.5,12.2,89.1,9.9,4.9,0.41,197.9,456.3,55.8,62.6,94.5,252.3,TRUE
130.8,Harrison Barnes,"SF,PF",SA,74,27.1,304.9,0.49,139.9,0.808,133.9,0.41,883.6,245.7,103.6,40.7,11.1,47.4,0.9,2.2,0.4,304.9,621.6,139.9,173.2,133.9,327.1,TRUE
131,P.J. Washington,"SF,PF",DAL,65,27.5,291.9,0.444,107.9,0.706,99.5,0.342,790.4,379.6,120.9,59.8,53.3,95.6,16,1.3,0.21,291.9,657.2,107.9,152.8,99.5,290.6,TRUE
141.8,Carlton Carrington,"PG,SG",WAS,74,31.4,335.2,0.424,88.1,0.821,141.3,0.346,899.8,341.9,406.3,64.4,24.4,141.3,4.5,2.9,0.19,335.2,791.1,88.1,107.3,141.3,408.5,TRUE
124.6,Cason Wallace,"PG,SG",OKC,72,28.5,260.6,0.482,34.6,0.8,100.1,0.389,655.9,241.9,169.9,113.8,41.8,60.5,0,2.8,0.14,260.6,540.7,34.6,43.2,100.1,257.0,TRUE
74.1,Alexandre Sarr,C,WAS,70,29.4,373.8,0.394,128.1,0.678,120.4,0.308,995.4,498.4,184.1,50.4,115.5,130.9,10.4,1.4,0.07,373.8,948.5,128.1,189.0,120.4,390.6,TRUE
142.2,Neemias Queta,"PF,C",BOS,68,25.2,273.4,0.625,95.2,0.741,0,0.0,641.9,518.2,93.8,44.9,91.1,76.8,0,1.2,0.06,273.4,437.2,95.2,128.5,0.0,4.1,TRUE
133.4,Mike Conley,PG,MIN,68,23.9,197.9,0.427,75.5,0.895,127.2,0.426,598.4,167.3,304,69.4,12.9,74.1,1,4.1,0.03,197.9,463.8,75.5,84.3,127.2,298.5,TRUE
75.3,Andrew Nembhard,"PG,SG",IND,69,30.9,320.2,0.464,127.7,0.797,82.8,0.34,851.5,215.3,402.3,91.1,10.4,128.3,2.1,3.1,-0.15,320.2,689.3,127.7,160.1,82.8,243.6,TRUE
105.6,Aaron Gordon,"PF,C",DEN,62,29.8,329.8,0.546,160.6,0.719,57,0.369,877.9,357.7,210.8,39.7,29.1,88.7,3.7,2.4,-0.16,329.8,604.5,160.6,223.2,57.0,154.4,TRUE
149,Russell Westbrook,PG,FA,71,25.2,336.5,0.451,132.1,0.674,68.2,0.307,872.6,355.7,380.6,90.2,29.8,192.4,12.3,2,-0.17,336.5,745.5,132.1,196.0,68.2,222.2,TRUE
141.7,Kelly Oubre Jr.,"SF,PF",PHI,64,32.4,372.5,0.454,158.7,0.752,87,0.303,990.7,359,105.6,85.8,39,84.5,10.7,1.3,-0.2,372.5,820.5,158.7,211.2,87.0,287.4,TRUE
139.7,Ayo Dosunmu,"SG,SF",CHI,65,30.4,321.8,0.498,81.3,0.796,100.1,0.374,824.9,208.7,249,61.8,29.9,94.9,1.4,2.6,-0.25,321.8,646.1,81.3,102.1,100.1,267.8,TRUE
142,Grayson Allen,"SG,SF",PHO,60,24.4,204,0.478,81,0.849,129,0.445,617.4,178.2,132.6,45,23.4,61.8,1,2.2,-0.29,204.0,426.6,81.0,95.4,129.0,289.8,TRUE
128.4,Luguentz Dort,"SG,SF",OKC,70,28.8,257.6,0.437,63.7,0.758,154,0.404,732.9,272.3,107.8,71.4,40.6,58.8,0,1.8,-0.3,257.6,589.4,63.7,84.0,154.0,381.5,TRUE
110,Stephon Castle,"PG,SG",SA,76,29.2,438.5,0.435,258.4,0.734,98.8,0.286,1234.2,307.8,344.3,76.8,22.8,183.2,5.6,1.9,-0.31,438.5,1007.0,258.4,351.9,98.8,345.0,TRUE
143.3,Quentin Grimes,"SG,SF",PHI,70,27.5,324.1,0.44,125.3,0.755,155.4,0.368,928.9,271.6,188.3,70,18.9,108.5,3.7,1.7,-0.33,324.1,736.4,125.3,165.9,155.4,422.8,TRUE
131.6,Duncan Robinson,"SG,SF",DET,71,26,301,0.444,64.6,0.892,191,0.394,857.7,172.5,186.7,43.3,11.4,91.6,0,2,-0.4,301.0,678.1,64.6,72.4,191.0,484.2,TRUE
123.5,Kevin Porter Jr.,"PG,SG",MIL,75,24.8,371.3,0.449,165,0.769,69.8,0.311,977.3,352.5,324.8,102.8,16.5,172.5,2,1.9,-0.42,371.3,826.5,165.0,214.5,69.8,224.3,TRUE
139.1,Jay Huff,C,IND,68,24.1,273.4,0.53,75.5,0.793,95.9,0.384,718.1,308,65.3,29.2,83,68.7,0,1,-0.47,273.4,515.4,75.5,95.2,95.9,249.6,TRUE
104.5,Brice Sensabaugh,"SF,PF",UTA,70,24.2,305.2,0.44,86.8,0.899,162.4,0.393,859.6,264.6,140,50.4,11.9,130.9,0,1.1,-0.55,305.2,693.0,86.8,96.6,162.4,413.0,TRUE
128.5,Jrue Holiday,"PG,SG",POR,60,30.7,253.2,0.444,58.8,0.875,111,0.391,676.2,275.4,277.8,57.6,36.6,90.6,1,3.1,-0.59,253.2,570.0,58.8,67.2,111.0,283.8,TRUE
95.3,Ausar Thompson,"SF,PF",DET,67,29.3,334.3,0.522,115.2,0.649,22.1,0.2,806,464.3,172.9,113.2,67.7,107.2,3.4,1.6,-0.63,334.3,640.5,115.2,177.6,22.1,110.6,TRUE
113.4,Keyonte George,"PG,SG",UTA,70,30.2,347.9,0.4,216.3,0.828,164.5,0.338,1077.3,238,364,42.7,7.7,190.4,4.2,1.9,-0.66,347.9,868.7,216.3,261.1,164.5,486.5,TRUE
135.5,Dylan Harper,SG,SA,65,27.7,325,0.469,189.8,0.749,93,0.361,932.8,205.4,244.4,78.7,26.7,117.7,0,2.1,-0.69,325.0,692.9,189.8,253.5,93.0,257.4,TRUE
137.5,Dillon Brooks,"SF,PF",PHO,73,31.4,357.7,0.429,111.7,0.832,159.9,0.38,987,261.3,124.1,62.1,13.1,82.5,0,1.5,-0.73,357.7,834.4,111.7,134.3,159.9,421.2,TRUE
139.9,Jaylen Wells,"SG,SF",MEM,74,29.2,328.6,0.438,125.8,0.821,156.1,0.351,939.1,304.1,153.2,76.2,15.5,78.4,1,2,-0.83,328.6,750.4,125.8,153.2,156.1,444.7,TRUE
82,Brandon Ingram,"SG,SF,PF",TOR,50,33,357,0.471,164.5,0.81,92,0.367,970.5,232,215.5,37.5,28.5,130.5,0,1.7,-0.86,357.0,758.0,164.5,203.0,92.0,250.5,TRUE
78.1,RJ Barrett,"SF,PF",TOR,58,32,413,0.467,187.3,0.657,93.4,0.354,1107.2,314.4,221,36.5,18.6,138,10,1.6,-0.92,413.0,883.3,187.3,285.4,93.4,263.9,TRUE
133.6,Aaron Wiggins,"SG,SF",OKC,72,23,305.3,0.485,69.8,0.808,110.9,0.386,791.3,258.5,118.1,62.6,20.2,67.7,1.9,1.7,-1.02,305.3,630.0,69.8,86.4,110.9,287.3,TRUE
135.9,Buddy Hield,"SG,SF",GS,80,22.2,308.8,0.427,46.4,0.853,186.4,0.378,851.2,236,164,60.8,28,85.6,0,1.9,-1.04,308.8,723.2,46.4,54.4,186.4,493.6,TRUE
123.3,Tari Eason,"SF,PF",HOU,58,25.4,271.4,0.473,78.3,0.73,63.2,0.345,684.4,403.1,86.4,79.5,50.5,66.7,6.1,1.3,-1.19,271.4,574.2,78.3,107.3,63.2,183.3,TRUE
136.6,Brook Lopez,C,LAC,72,20.2,224.6,0.496,66.2,0.821,85,0.37,601.2,239.8,79.9,27.4,99.4,48.2,3.6,1.7,-1.19,224.6,452.9,66.2,80.6,85.0,229.7,TRUE
144.8,Isaiah Jackson,C,IND,60,24.9,252.6,0.614,120.6,0.661,0,0.0,625.8,418.2,86.4,58.2,103.2,69,0,1.3,-1.24,252.6,411.6,120.6,182.4,0.0,6.6,TRUE
138.6,VJ Edgecombe,SG,PHI,70,27.1,273.7,0.446,156.1,0.805,94.5,0.34,797.3,268.8,153.3,100.1,28.7,91.7,0,1.7,-1.27,273.7,613.2,156.1,193.9,94.5,277.9,TRUE
,Taurean Prince,SF,MIL,74,27,230.1,0.449,42.2,0.77,136.2,0.417,638.6,244.2,129.5,63.6,23.7,73.3,1,1.8,-1.29,230.1,512.8,42.2,54.8,136.2,326.3,TRUE
141.6,Moussa Diabaté,C,CHA,70,24.2,230.3,0.592,101.5,0.62,0,0.0,561.4,611.1,77.7,66.5,58.1,81.9,6.9,1,-1.46,230.3,389.2,101.5,163.8,0.0,7.7,TRUE
137.4,Tyus Jones,PG,ORL,72,20,223.9,0.468,29.5,0.854,96.5,0.415,573.8,132.5,324,49.7,9.4,55.4,5.3,5.8,-1.53,223.9,478.1,29.5,34.6,96.5,232.6,TRUE
141,Scotty Pippen Jr.,"PG,SG",MEM,60,20.2,213,0.482,90.6,0.722,64.8,0.401,582,180.6,246.6,76.8,22.2,107.4,6.8,2.3,-1.55,213.0,441.6,90.6,125.4,64.8,161.4,TRUE
139.2,Al Horford,"PF,C",FA,60,25.2,183.6,0.464,27,0.882,99.6,0.388,493.8,351.6,133.2,33,51,42,7,3.2,-1.55,183.6,395.4,27.0,30.6,99.6,256.8,TRUE
130.8,Royce O'Neale,"SF,PF",PHO,73,24.6,217.5,0.41,20.4,0.7,160.6,0.389,616.1,347.5,182.5,60.6,37.2,65.7,0.9,2.8,-1.59,217.5,530.7,20.4,29.2,160.6,413.2,TRUE
134.8,Ty Jerome,SG,MEM,60,20.7,241.2,0.494,97.2,0.876,83.4,0.437,663,130.8,180.6,58.2,2.4,70.2,0,2.6,-1.59,241.2,487.8,97.2,111.0,83.4,190.8,TRUE
134.1,Kyshawn George,"SG,SF",WAS,70,27.5,304.5,0.417,91,0.765,147.7,0.322,847.7,369.6,218.4,86.8,64.4,126,1.1,1.7,-1.61,304.5,730.1,91.0,119.0,147.7,458.5,TRUE
116.7,Nick Richards,C,PHO,60,18.8,175.8,0.644,94.8,0.742,0,0.0,446.4,379.8,39,15,48.6,58.2,16.9,0.7,-1.7,175.8,273.0,94.8,127.8,0.0,1.2,TRUE
136.2,Nickeil Alexander-Walker,"SG,SF",ATL,78,24.4,243.4,0.438,69.4,0.788,131,0.386,687.2,208.3,205.9,54.6,36.7,84.2,0.9,2.4,-1.75,243.4,555.4,69.4,88.1,131.0,339.3,TRUE
130.3,Tim Hardaway Jr.,"SG,SF",DEN,74,24.4,275.3,0.422,114.7,0.856,179.1,0.39,844.3,186.5,111.7,34,5.2,49.6,0,2.3,-1.76,275.3,651.9,114.7,133.9,179.1,459.5,TRUE
138.6,Adem Bona,C,PHI,64,18.6,209.9,0.688,105,0.695,0,0.0,524.8,380.8,41.6,40.3,90.9,95.4,3.3,0.4,-1.77,209.9,305.3,105.0,151.0,0.0,1.9,TRUE
144,Caris LeVert,"SG,SF",DET,66,26.9,304.9,0.451,128.7,0.741,104.9,0.349,843.5,235.6,273.9,65.3,32.3,94.4,1.1,2.9,-1.83,304.9,676.5,128.7,173.6,104.9,300.3,TRUE
124.8,Cole Anthony,PG,MIL,70,20.4,286.3,0.43,138.6,0.825,86.8,0.345,798,261.8,268.8,56,35.7,116.9,0,2.3,-2.05,286.3,665.7,138.6,168.0,86.8,251.3,TRUE
127.1,Kentavious Caldwell-Pope,"SG,SF",MEM,72,28.6,226.1,0.45,81.4,0.883,126,0.354,659.5,156.2,141.8,87.8,33.8,61.2,0,2.3,-2.07,226.1,502.6,81.4,92.2,126.0,355.7,TRUE
128.9,Zaccharie Risacher,"SF,PF",ATL,72,26.6,365.8,0.461,108.7,0.719,124.6,0.36,965.5,275,94.3,53.3,38.2,94.3,0.9,1,-2.13,365.8,792.7,108.7,151.2,124.6,346.3,TRUE
133.4,Dennis Schröder,"PG,SG",SAC,70,23.6,268.8,0.422,130.2,0.834,105.7,0.342,773.5,159.6,324.1,46.9,10.5,107.1,6.5,3,-2.28,268.8,637.7,130.2,156.1,105.7,309.4,TRUE
77.4,Paul George,"SG,SF,PF",PHI,44,31,264,0.446,109.6,0.847,99.4,0.364,737.4,194,140.4,62.5,18,82.7,3.2,1.7,-2.29,264.0,591.8,109.6,129.4,99.4,273.2,TRUE
140.3,Jerami Grant,"SF,PF",POR,50,33.2,251.5,0.449,167,0.829,92.5,0.384,763,174,106.5,36.5,33.5,76.5,0,1.4,-2.36,251.5,560.0,167.0,201.5,92.5,241.0,TRUE
141.2,Wendell Carter Jr.,C,ORL,67,25.7,232.5,0.472,121.9,0.719,55.6,0.307,642.5,479.7,126,47.6,38.2,79.7,9.8,1.6,-2.46,232.5,492.5,121.9,169.5,55.6,180.9,TRUE
,AJ Green,"PG,SG",MIL,64,25.2,203.5,0.427,30.1,0.855,172.2,0.421,609.3,182.4,105.6,35.2,8.3,39.7,0,2.7,-2.5,203.5,476.2,30.1,35.2,172.2,409.0,TRUE
139.1,Bilal Coulibaly,"SG,SF",WAS,62,33.1,287.7,0.433,137.6,0.728,76.3,0.312,789.3,329.2,224.4,80.6,50.8,126.5,3.2,1.8,-2.51,287.7,664.6,137.6,189.1,76.3,244.3,TRUE
,Goga Bitadze,C,ORL,66,16.2,150.5,0.606,64,0.642,2,0.103,367.6,338.6,97.7,37,77.2,52.8,14.1,1.9,-2.62,150.5,248.2,64.0,99.7,2.0,19.1,TRUE
,Miles McBride,"PG,SG",NY,66,25.2,262,0.429,54.8,0.838,128.7,0.387,707.5,149.8,172.9,67.3,13.9,40.9,0,4.2,-2.78,262.0,610.5,54.8,65.3,128.7,332.6,TRUE
,Taylor Hendricks,"SF,PF",UTA,58,27.2,211.7,0.45,65,0.8,99.2,0.357,587.5,365.4,62.1,59.7,62.1,53.4,0,1.2,-2.79,211.7,470.4,65.0,81.2,99.2,277.8,TRUE
,Sam Merrill,"SG,SF",CLE,70,23.1,219.8,0.409,35.7,0.944,184.1,0.387,659.4,182.7,142.1,47.6,11.9,35,0,4.1,-2.8,219.8,537.6,35.7,37.8,184.1,475.3,TRUE
,Naji Marshall,"SF,PF",DAL,67,23.4,265.3,0.493,98.5,0.803,59,0.321,688.1,283.4,167.5,59.6,11.4,88.4,5.8,1.9,-2.84,265.3,538.0,98.5,122.6,59.0,183.6,TRUE
138.3,Guerschon Yabusele,"PF,C",NY,70,22.1,232.4,0.501,82.6,0.724,86.1,0.381,633.5,325.5,121.8,47.6,19.6,71.4,3,1.7,-2.86,232.4,464.1,82.6,114.1,86.1,226.1,TRUE
123.2,Moses Moody,"SG,SF",GS,70,22.2,243.6,0.441,99.4,0.793,119.7,0.378,706.3,213.5,85.4,56,30.1,53.9,0,1.6,-2.97,243.6,553.0,99.4,125.3,119.7,316.4,TRUE
138,Keldon Johnson,"SF,PF",SA,70,22.7,315.7,0.467,134.4,0.784,88.9,0.335,854,309.4,132.3,41.3,17.5,73.5,2.7,1.8,-3.02,315.7,675.5,134.4,171.5,88.9,265.3,TRUE
129.9,Jonathan Kuminga,"SF,PF",GS,60,25.3,354,0.5,188.4,0.712,49.2,0.314,945,283.8,132.6,46.2,28.2,95.4,2.6,1.4,-3.09,354.0,708.6,188.4,264.6,49.2,156.6,TRUE
135.3,Kris Dunn,"PG,SG",LAC,70,24.5,193.9,0.453,21,0.682,66.5,0.348,474.6,251.3,265.3,112,31.5,87.5,0,3,-3.17,193.9,428.4,21.0,30.8,66.5,191.1,TRUE
115.6,Anthony Black,"PG,SG",ORL,72,24.5,236.2,0.437,124.6,0.759,62.6,0.345,659.5,231.8,207.4,75.6,43.2,122.4,0.9,1.7,-3.2,236.2,540.7,124.6,164.2,62.6,181.4,TRUE
136.2,Ace Bailey,SF,UTA,68,29.9,333.2,0.454,114.2,0.718,82.3,0.346,862.2,328.4,96.6,45.6,59.2,91.1,0,1.1,-3.2,333.2,733.7,114.2,159.1,82.3,238.0,TRUE
,Derrick Jones Jr.,"SF,PF",LAC,76,23.9,275.1,0.506,90.4,0.708,80.6,0.351,721.2,257.6,67.6,66.1,41.8,65.4,0,1,-3.26,275.1,544.2,90.4,127.7,80.6,229.5,TRUE
137.7,Jeremy Sochan,"PF,C",SA,64,25,257.3,0.473,86.4,0.711,42.9,0.309,644.5,361,164.5,46.7,29.4,97.9,9.5,1.7,-3.34,257.3,543.4,86.4,121.6,42.9,138.9,TRUE
135.3,Jared McCain,"PG,SG",PHI,49,27.4,270,0.46,104.9,0.873,109.3,0.384,754.1,120.1,128.9,31.9,0,79.4,2.1,1.6,-3.35,270.0,587.0,104.9,120.1,109.3,284.7,TRUE